srcip,sport,dstip,dsport,proto,state,sbytes,dbytes,sttl,dttl,sloss,dloss,service,Sload,Dload,Spkts,Dpkts,trans_depth,res_bdy_len,Sjit,Djit,Stime,Ltime,tcprtt,synack,ackdat,is_sm_ips_ports,ct_state_ttl,attack_cat,Label
59.166.0.0,1390,149.171.126.6,53,udp,CON,132,164,31,29,0,0,dns,500473.9375,621800.9375,2,2,0,0,0,0,1421927414,1421927414,0,0,0,0,0,,0
59.166.0.0,33661,149.171.126.9,1024,udp,CON,528,304,31,29,0,0,-,87676.08594,50480.17188,4,4,0,0,9.89101,10.682733,1421927414,1421927414,0,0,0,0,0,,0
59.166.0.6,1464,149.171.126.7,53,udp,CON,146,178,31,29,0,0,dns,521894.5313,636282.375,2,2,0,0,0,0,1421927414,1421927414,0,0,0,0,0,,0
59.166.0.5,3593,149.171.126.5,53,udp,CON,132,164,31,29,0,0,dns,436724.5625,542597.1875,2,2,0,0,0,0,1421927414,1421927414,0,0,0,0,0,,0
59.166.0.3,49664,149.171.126.0,53,udp,CON,146,178,31,29,0,0,dns,499572.25,609067.5625,2,2,0,0,0,0,1421927414,1421927414,0,0,0,0,0,,0
59.166.0.0,32119,149.171.126.9,111,udp,CON,568,312,31,29,0,0,-,43503.23438,23896.14258,4,4,0,0,29.682221,34.37034,1421927414,1421927414,0,0,0,0,0,,0
59.166.0.6,2142,149.171.126.4,53,udp,CON,132,164,31,29,0,0,dns,465608.4688,578483.25,2,2,0,0,0,0,1421927414,1421927414,0,0,0,0,0,,0
10.40.182.3,0,10.40.182.3,0,arp,INT,46,0,0,0,0,0,-,0,0,1,0,0,0,0,0,1421927415,1421927415,0,0,0,1,2,,0
59.166.0.5,40726,149.171.126.6,53,udp,CON,146,178,31,29,0,0,dns,518650.0938,632326.8125,2,2,0,0,0,0,1421927415,1421927415,0,0,0,0,0,,0
59.166.0.7,12660,149.171.126.4,53,udp,CON,132,164,31,29,0,0,dns,452442.1563,562125.0625,2,2,0,0,0,0,1421927415,1421927415,0,0,0,0,0,,0
10.40.170.2,0,10.40.170.2,0,arp,INT,46,0,0,0,0,0,-,0,0,1,0,0,0,0,0,1421927415,1421927415,0,0,0,1,2,,0
10.40.170.2,0,10.40.170.2,0,arp,INT,46,0,0,0,0,0,-,0,0,1,0,0,0,0,0,1421927415,1421927415,0,0,0,1,2,,0
10.40.182.3,0,10.40.182.3,0,arp,INT,46,0,0,0,0,0,-,0,0,1,0,0,0,0,0,1421927415,1421927415,0,0,0,1,2,,0
59.166.0.1,48847,149.171.126.5,53,udp,CON,132,164,31,29,0,0,dns,483074.0938,600182.9375,2,2,0,0,0,0,1421927415,1421927415,0,0,0,0,0,,0
59.166.0.1,24266,149.171.126.9,41049,udp,CON,528,304,31,29,0,0,-,1711507.25,985413.3125,4,4,0,0,0.656903,0.328339,1421927415,1421927415,0,0,0,0,0,,0
59.166.0.1,10393,149.171.126.6,44307,udp,CON,528,304,31,29,0,0,-,1811320.75,1042881.625,4,4,0,0,0.640403,0.280968,1421927415,1421927415,0,0,0,0,0,,0
59.166.0.2,62539,149.171.126.4,53,udp,CON,132,164,31,29,0,0,dns,468085.125,581560.3125,2,2,0,0,0,0,1421927415,1421927415,0,0,0,0,0,,0
59.166.0.1,21270,149.171.126.9,111,udp,CON,568,312,31,29,0,0,-,661362.3125,363283.5313,4,4,0,0,1.890104,1.610554,1421927415,1421927415,0,0,0,0,0,,0
59.166.0.1,8989,149.171.126.6,111,udp,CON,568,312,31,29,0,0,-,695794.1875,382196.8125,4,4,0,0,1.780739,1.549507,1421927415,1421927415,0,0,0,0,0,,0
59.166.0.4,49346,149.171.126.5,53,udp,CON,132,164,31,29,0,0,dns,475247.5313,590459.0625,2,2,0,0,0,0,1421927415,1421927415,0,0,0,0,0,,0
175.45.176.3,21223,149.171.126.18,32780,udp,INT,728,0,254,0,0,0,-,138666672,0,2,0,0,0,0,0,1421927415,1421927415,0,0,0,0,2,Exploits,1
175.45.176.2,23357,149.171.126.16,80,tcp,FIN,918,25552,62,252,2,10,http,28050.42188,815794.1875,12,24,1,12026,1170.481668,1144.38336,1421927416,1421927416,0.051475,0.006528,0.044947,0,1,Exploits,1
175.45.176.0,13284,149.171.126.16,80,tcp,FIN,1362,268,254,252,6,1,http,4233.619141,749.668518,14,6,1,0,18786.7114,941.724938,1421927414,1421927416,0.066088,0.017959,0.048129,0,1,Reconnaissance,1
59.166.0.3,4192,149.171.126.9,53,udp,CON,132,164,31,29,0,0,dns,479564.0313,595822,2,2,0,0,0,0,1421927416,1421927416,0,0,0,0,0,,0
59.166.0.2,26872,149.171.126.8,53,udp,CON,132,164,31,29,0,0,dns,487985.2188,606284.6875,2,2,0,0,0,0,1421927416,1421927416,0,0,0,0,0,,0
59.166.0.8,24946,149.171.126.2,53,udp,CON,132,164,31,29,0,0,dns,470588.2188,584670.1875,2,2,0,0,0,0,1421927416,1421927416,0,0,0,0,0,,0
59.166.0.9,5685,149.171.126.6,53,udp,CON,146,178,31,29,0,0,dns,511831.75,624014.0625,2,2,0,0,0,0,1421927416,1421927416,0,0,0,0,0,,0
59.166.0.0,22848,149.171.126.1,53,udp,CON,146,178,31,29,0,0,dns,501718.2188,611683.8125,2,2,0,0,0,0,1421927416,1421927416,0,0,0,0,0,,0
59.166.0.5,28565,149.171.126.9,53,udp,CON,132,164,31,29,0,0,dns,468500.4688,582076.3125,2,2,0,0,0,0,1421927416,1421927416,0,0,0,0,0,,0
59.166.0.7,46719,149.171.126.4,53,udp,CON,132,164,31,29,0,0,dns,492078.2813,611370,2,2,0,0,0,0,1421927416,1421927416,0,0,0,0,0,,0
59.166.0.8,25100,149.171.126.9,53,udp,CON,146,178,31,29,0,0,dns,488294.3125,595317.6875,2,2,0,0,0,0,1421927416,1421927416,0,0,0,0,0,,0
59.166.0.1,29704,149.171.126.1,53,udp,CON,132,164,31,29,0,0,dns,479564.0313,595822,2,2,0,0,0,0,1421927416,1421927416,0,0,0,0,0,,0
59.166.0.7,36998,149.171.126.6,53,udp,CON,146,178,31,29,0,0,dns,551984.875,672967.875,2,2,0,0,0,0,1421927417,1421927417,0,0,0,0,0,,0
59.166.0.7,6438,149.171.126.8,53,udp,CON,132,164,31,29,0,0,dns,480000,596363.625,2,2,0,0,0,0,1421927417,1421927417,0,0,0,0,0,,0
59.166.0.8,1416,149.171.126.0,53,udp,CON,146,178,31,29,0,0,dns,518650.0938,632326.8125,2,2,0,0,0,0,1421927417,1421927417,0,0,0,0,0,,0
59.166.0.4,35578,149.171.126.8,53,udp,CON,146,178,31,29,0,0,dns,574238,700098.375,2,2,0,0,0,0,1421927417,1421927417,0,0,0,0,0,,0
59.166.0.4,38902,149.171.126.7,53,udp,CON,132,164,31,29,0,0,dns,482632.5625,599634.375,2,2,0,0,0,0,1421927417,1421927417,0,0,0,0,0,,0
59.166.0.0,9897,149.171.126.8,53,udp,CON,132,164,31,29,0,0,dns,483516.4688,600732.5625,2,2,0,0,0,0,1421927417,1421927417,0,0,0,0,0,,0
59.166.0.3,44759,149.171.126.1,53,udp,CON,132,164,31,29,0,0,dns,487985.2188,606284.6875,2,2,0,0,0,0,1421927417,1421927417,0,0,0,0,0,,0
175.45.176.2,13792,149.171.126.16,5555,tcp,FIN,8168,268,254,252,4,1,-,346366.8125,10228.89453,14,6,0,0,774.788316,47.765387,1421927417,1421927417,0.054878,0.008744,0.046134,0,1,Exploits,1
175.45.176.2,26939,149.171.126.10,80,tcp,FIN,844,268,254,252,2,1,http,31899.26758,9401.888672,10,6,1,0,996.632407,59.532129,1421927418,1421927418,0.050675,0.006354,0.044321,0,1,Exploits,1
59.166.0.2,58304,149.171.126.4,53,udp,CON,132,164,31,29,0,0,dns,484848.4688,602387.5,2,2,0,0,0,0,1421927418,1421927418,0,0,0,0,0,,0
59.166.0.8,7419,149.171.126.1,53,udp,CON,132,164,31,29,0,0,dns,468916.5313,582593.25,2,2,0,0,0,0,1421927418,1421927418,0,0,0,0,0,,0
59.166.0.2,12527,149.171.126.1,23202,udp,CON,528,304,31,29,0,0,-,1704142,981172.6875,4,4,0,0,0.662323,0.337295,1421927418,1421927418,0,0,0,0,0,,0
59.166.0.1,52335,149.171.126.9,53,udp,CON,132,164,31,29,0,0,dns,458333.3125,569444.4375,2,2,0,0,0,0,1421927418,1421927418,0,0,0,0,0,,0
59.166.0.2,39558,149.171.126.1,111,udp,CON,568,312,31,29,0,0,-,682145.75,374699.7813,4,4,0,0,1.838719,1.588406,1421927418,1421927418,0,0,0,0,0,,0
59.166.0.2,47526,149.171.126.5,53,udp,CON,146,178,31,29,0,0,dns,559386.9375,681992.3125,2,2,0,0,0,0,1421927418,1421927418,0,0,0,0,0,,0
59.166.0.3,54634,149.171.126.3,53,udp,CON,132,164,31,29,0,0,dns,484848.4688,602387.5,2,2,0,0,0,0,1421927418,1421927418,0,0,0,0,0,,0
59.166.0.4,26778,149.171.126.6,53,udp,CON,146,178,31,29,0,0,dns,520499.0938,634581.0625,2,2,0,0,0,0,1421927418,1421927418,0,0,0,0,0,,0
59.166.0.6,60756,149.171.126.2,53,udp,CON,130,162,31,29,0,0,dns,432972.5313,539550.375,2,2,0,0,0,0,1421927418,1421927418,0,0,0,0,0,,0
59.166.0.6,25689,149.171.126.4,53,udp,CON,132,164,31,29,0,0,dns,489342,607970.375,2,2,0,0,0,0,1421927419,1421927419,0,0,0,0,0,,0
59.166.0.1,16931,149.171.126.3,38340,udp,CON,528,304,31,29,0,0,-,1699570.875,978540.75,4,4,0,0,0.661617,0.338476,1421927419,1421927419,0,0,0,0,0,,0
59.166.0.1,15133,149.171.126.3,111,udp,CON,568,312,31,29,0,0,-,668235.25,367058.8125,4,4,0,0,1.869125,1.620926,1421927419,1421927419,0,0,0,0,0,,0
59.166.0.2,58771,149.171.126.8,53,udp,CON,132,164,31,29,0,0,dns,470169.1563,584149.5625,2,2,0,0,0,0,1421927419,1421927419,0,0,0,0,0,,0
59.166.0.5,13903,149.171.126.7,53,udp,CON,132,164,31,29,0,0,dns,474820.1563,589928.0625,2,2,0,0,0,0,1421927419,1421927419,0,0,0,0,0,,0
59.166.0.1,24551,149.171.126.5,53,udp,CON,132,164,31,29,0,0,dns,495309.5938,615384.625,2,2,0,0,0,0,1421927419,1421927419,0,0,0,0,0,,0
59.166.0.6,10510,149.171.126.5,53,udp,CON,130,162,31,29,0,0,dns,469314.0625,584837.5,2,2,0,0,0,0,1421927419,1421927419,0,0,0,0,0,,0
175.45.176.0,39500,149.171.126.15,80,tcp,FIN,1214,268,254,252,2,1,http,49276.12891,10098.67578,10,6,1,0,1020.236764,62.002961,1421927419,1421927419,0.05198,0.007076,0.044904,0,1,DoS,1
175.45.176.0,29309,149.171.126.14,3000,tcp,FIN,844,268,254,252,2,1,-,31193.88281,9193.986328,10,6,0,0,1071.497007,61.076766,1421927420,1421927420,0.050128,0.005888,0.04424,0,1,Generic,1
59.166.0.1,31564,149.171.126.8,55173,udp,CON,528,304,31,29,0,0,-,282730.9375,162784.4688,4,4,0,0,0.625554,4.74233,1421927420,1421927420,0,0,0,0,0,,0
59.166.0.8,44119,149.171.126.2,53,udp,CON,130,162,31,29,0,0,dns,476626.9375,593950.5,2,2,0,0,0,0,1421927420,1421927420,0,0,0,0,0,,0
59.166.0.9,41515,149.171.126.5,53,udp,CON,130,162,31,29,0,0,dns,476626.9375,593950.5,2,2,0,0,0,0,1421927420,1421927420,0,0,0,0,0,,0
59.166.0.2,32716,149.171.126.7,53,udp,CON,132,164,31,29,0,0,dns,465198.2188,577973.5625,2,2,0,0,0,0,1421927420,1421927420,0,0,0,0,0,,0
59.166.0.3,40309,149.171.126.1,53,udp,CON,132,164,31,29,0,0,dns,477828.0313,593665.125,2,2,0,0,0,0,1421927420,1421927420,0,0,0,0,0,,0
59.166.0.8,47061,149.171.126.1,53,udp,CON,146,178,31,29,0,0,dns,537258.5,655013.8125,2,2,0,0,0,0,1421927420,1421927420,0,0,0,0,0,,0
59.166.0.1,29622,149.171.126.8,111,udp,CON,568,312,31,29,0,0,-,84488.1875,46409.00391,4,4,0,0,11.786999,18.234869,1421927420,1421927420,0,0,0,0,0,,0
59.166.0.5,30507,149.171.126.2,32859,udp,CON,520,304,31,29,0,0,-,99363.0625,58089.17578,4,4,0,0,7.678237,10.358879,1421927420,1421927420,0,0,0,0,0,,0
59.166.0.5,56644,149.171.126.2,111,udp,CON,568,304,31,29,0,0,-,56618.82031,30303.0293,4,4,0,0,21.212496,27.670975,1421927420,1421927420,0,0,0,0,0,,0
59.166.0.5,49910,149.171.126.5,53,udp,CON,130,162,31,29,0,0,dns,498084.2813,620689.625,2,2,0,0,0,0,1421927420,1421927420,0,0,0,0,0,,0
59.166.0.2,36701,149.171.126.7,111,udp,CON,568,304,31,29,0,0,-,746549.8125,399561.875,4,4,0,0,1.722279,1.432127,1421927421,1421927421,0,0,0,0,0,,0
59.166.0.6,15807,149.171.126.7,53,udp,CON,132,164,31,29,0,0,dns,472271.9063,586762.0625,2,2,0,0,0,0,1421927421,1421927421,0,0,0,0,0,,0
59.166.0.6,57983,149.171.126.0,53,udp,CON,132,164,31,29,0,0,dns,471428.5625,585714.25,2,2,0,0,0,0,1421927421,1421927421,0,0,0,0,0,,0
59.166.0.6,15807,149.171.126.7,53,udp,CON,132,164,31,29,0,0,dns,472271.9063,586762.0625,2,2,0,0,0,0,1421927421,1421927421,0,0,0,0,0,,0
59.166.0.2,62824,149.171.126.7,14455,udp,CON,520,304,31,29,0,0,-,1757746.5,1027605.625,4,4,0,0,0.645117,0.309251,1421927421,1421927421,0,0,0,0,0,,0
59.166.0.1,26719,149.171.126.0,53,udp,CON,146,178,31,29,0,0,dns,537258.5,655013.8125,2,2,0,0,0,0,1421927421,1421927421,0,0,0,0,0,,0
59.166.0.7,57137,149.171.126.7,53,udp,CON,132,164,31,29,0,0,dns,475247.5313,590459.0625,2,2,0,0,0,0,1421927421,1421927421,0,0,0,0,0,,0
59.166.0.2,19393,149.171.126.0,53,udp,CON,132,164,31,29,0,0,dns,472271.9063,586762.0625,2,2,0,0,0,0,1421927421,1421927421,0,0,0,0,0,,0
175.45.176.0,61089,149.171.126.18,80,tcp,FIN,804,948,62,252,2,2,http,19870.66211,22779.90234,10,8,1,72,1595.821133,57.742824,1421927421,1421927421,0.062967,0.013476,0.049491,0,1,Exploits,1
175.45.176.0,23910,149.171.126.15,80,tcp,FIN,2082,268,254,252,6,1,http,5967.041016,691.115356,14,6,1,0,17309.57132,1007.28625,1421927419,1421927422,0.09546,0.047109,0.048351,0,1,DoS,1
175.45.176.3,44762,149.171.126.12,80,tcp,FIN,828,4004,62,252,2,3,http,25620.44141,123774.8906,10,10,1,1546,1238.231758,1819.494123,1421927422,1421927422,0.053678,0.006931,0.046747,0,1,Exploits,1
175.45.176.0,4159,149.171.126.18,80,tcp,FIN,838,986,62,252,2,2,http,13979.66895,16442.3125,10,10,1,49,3335.436995,90.561766,1421927421,1421927422,0.093643,0.048778,0.044865,0,1,Exploits,1
59.166.0.5,13987,149.171.126.0,53,udp,CON,130,162,31,29,0,0,dns,490566.0313,611320.75,2,2,0,0,0,0,1421927422,1421927422,0,0,0,0,0,,0
59.166.0.7,34944,149.171.126.0,53,udp,CON,132,164,31,29,0,0,dns,492078.2813,611370,2,2,0,0,0,0,1421927422,1421927422,0,0,0,0,0,,0
59.166.0.3,40146,149.171.126.4,53,udp,CON,132,164,31,29,0,0,dns,448979.5938,557823.125,2,2,0,0,0,0,1421927422,1421927422,0,0,0,0,0,,0
59.166.0.9,4864,149.171.126.7,53,udp,CON,146,178,31,29,0,0,dns,481054.3438,586490.9375,2,2,0,0,0,0,1421927422,1421927422,0,0,0,0,0,,0
59.166.0.1,35110,149.171.126.3,53,udp,CON,132,164,31,29,0,0,dns,468916.5313,582593.25,2,2,0,0,0,0,1421927422,1421927422,0,0,0,0,0,,0
59.166.0.6,6379,149.171.126.6,53,udp,CON,146,178,31,29,0,0,dns,540740.75,659259.3125,2,2,0,0,0,0,1421927422,1421927422,0,0,0,0,0,,0
59.166.0.8,62676,149.171.126.3,53,udp,CON,132,164,31,29,0,0,dns,497643.7188,618284.625,2,2,0,0,0,0,1421927423,1421927423,0,0,0,0,0,,0
59.166.0.8,53247,149.171.126.7,25790,udp,CON,520,304,31,29,0,0,-,1752809,1024719.063,4,4,0,0,0.642524,0.310193,1421927423,1421927423,0,0,0,0,0,,0
59.166.0.4,61452,149.171.126.0,53,udp,CON,146,178,31,29,0,0,dns,519111.125,632888.9375,2,2,0,0,0,0,1421927423,1421927423,0,0,0,0,0,,0
59.166.0.6,16859,149.171.126.1,53,udp,CON,132,164,31,29,0,0,dns,496240.625,616541.375,2,2,0,0,0,0,1421927423,1421927423,0,0,0,0,0,,0
59.166.0.9,30521,149.171.126.6,53,udp,CON,146,178,31,29,0,0,dns,539242.875,657433.0625,2,2,0,0,0,0,1421927423,1421927423,0,0,0,0,0,,0
59.166.0.3,1809,149.171.126.0,53,udp,CON,132,164,31,29,0,0,dns,468085.125,581560.3125,2,2,0,0,0,0,1421927423,1421927423,0,0,0,0,0,,0
59.166.0.8,37848,149.171.126.8,53,udp,CON,132,164,31,29,0,0,dns,452830.1875,562607.1875,2,2,0,0,0,0,1421927423,1421927423,0,0,0,0,0,,0
59.166.0.8,53697,149.171.126.7,111,udp,CON,568,304,31,29,0,0,-,728205.1875,389743.5938,4,4,0,0,1.760229,1.48045,1421927423,1421927423,0,0,0,0,0,,0
175.45.176.2,43850,149.171.126.13,80,tcp,FIN,876,9446,62,252,2,5,http,25780.94336,286629.2188,10,14,1,4200,1295.366611,1510.194144,1421927423,1421927423,0.052299,0.007492,0.044807,0,1,Exploits,1
59.166.0.6,45430,149.171.126.1,53,udp,CON,130,162,31,29,0,0,dns,486435.9375,606174,2,2,0,0,0,0,1421927424,1421927424,0,0,0,0,0,,0
59.166.0.2,39128,149.171.126.1,48372,udp,CON,520,304,31,29,0,0,-,1740100.375,1017289.438,4,4,0,0,0.635925,0.314435,1421927424,1421927424,0,0,0,0,0,,0
59.166.0.6,4318,149.171.126.5,53,udp,CON,146,178,31,29,0,0,dns,525179.875,640287.8125,2,2,0,0,0,0,1421927424,1421927424,0,0,0,0,0,,0
59.166.0.9,14309,149.171.126.3,53,udp,CON,146,178,31,29,0,0,dns,511831.75,624014.0625,2,2,0,0,0,0,1421927424,1421927424,0,0,0,0,0,,0
59.166.0.2,45898,149.171.126.1,111,udp,CON,568,304,31,29,0,0,-,694659.5625,371789.625,4,4,0,0,1.873127,1.546678,1421927424,1421927424,0,0,0,0,0,,0
59.166.0.4,17491,149.171.126.0,53,udp,CON,132,164,31,29,0,0,dns,420382.1563,522293,2,2,0,0,0,0,1421927424,1421927424,0,0,0,0,0,,0
59.166.0.2,37437,149.171.126.4,53,udp,CON,130,162,31,29,0,0,dns,438818.5938,546835.5,2,2,0,0,0,0,1421927424,1421927424,0,0,0,0,0,,0
59.166.0.7,51164,149.171.126.4,53,udp,CON,146,178,31,29,0,0,dns,553554.5,674881.5,2,2,0,0,0,0,1421927425,1421927425,0,0,0,0,0,,0
59.166.0.7,60615,149.171.126.9,111,udp,CON,568,312,31,29,0,0,-,704569,387016.75,4,4,0,0,1.751976,1.51368,1421927425,1421927425,0,0,0,0,0,,0
59.166.0.4,59256,149.171.126.8,53,udp,CON,130,162,31,29,0,0,dns,474885.875,591780.875,2,2,0,0,0,0,1421927425,1421927425,0,0,0,0,0,,0
59.166.0.7,26360,149.171.126.9,10351,udp,CON,528,304,31,29,0,0,-,1825936.5,1051296.75,4,4,0,0,0.632862,0.298641,1421927425,1421927425,0,0,0,0,0,,0
59.166.0.7,1929,149.171.126.4,53,udp,CON,132,164,31,29,0,0,dns,494845.375,614807.875,2,2,0,0,0,0,1421927425,1421927425,0,0,0,0,0,,0
59.166.0.7,19947,149.171.126.0,53,udp,CON,130,162,31,29,0,0,dns,438818.5938,546835.5,2,2,0,0,0,0,1421927425,1421927425,0,0,0,0,0,,0
175.45.176.1,4765,149.171.126.13,80,tcp,FIN,744,1306,62,252,2,2,http,21525.8457,36722.44922,10,8,1,255,1455.885435,57.564633,1421927425,1421927425,0.055891,0.010954,0.044937,0,1,Exploits,1
175.45.176.3,22359,149.171.126.11,111,udp,INT,168,0,254,0,0,0,-,39529412,0,2,0,0,0,0,0,1421927426,1421927426,0,0,0,0,2,Reconnaissance,1
175.45.176.1,52726,149.171.126.13,80,tcp,FIN,776,1284,62,252,2,2,http,10889.18652,18008.43945,10,10,1,196,3669.106673,100.935828,1421927425,1421927426,0.116633,0.051721,0.064912,0,1,Exploits,1
59.166.0.3,11600,149.171.126.0,53,udp,CON,130,162,31,29,0,0,dns,508308.9063,633431.0625,2,2,0,0,0,0,1421927426,1421927426,0,0,0,0,0,,0
59.166.0.4,20571,149.171.126.7,53,udp,CON,132,164,31,29,0,0,dns,480000,596363.625,2,2,0,0,0,0,1421927426,1421927426,0,0,0,0,0,,0
59.166.0.4,12252,149.171.126.1,53,udp,CON,130,162,31,29,0,0,dns,468890.9063,584310.1875,2,2,0,0,0,0,1421927426,1421927426,0,0,0,0,0,,0
59.166.0.5,1344,149.171.126.5,53,udp,CON,132,164,31,29,0,0,dns,465198.2188,577973.5625,2,2,0,0,0,0,1421927426,1421927426,0,0,0,0,0,,0
59.166.0.2,8931,149.171.126.0,53,udp,CON,130,162,31,29,0,0,dns,475319.9375,592321.8125,2,2,0,0,0,0,1421927426,1421927426,0,0,0,0,0,,0
59.166.0.5,39193,149.171.126.6,53,udp,CON,146,178,31,29,0,0,dns,527551.9375,643179.75,2,2,0,0,0,0,1421927426,1421927426,0,0,0,0,0,,0
59.166.0.0,28852,149.171.126.3,53,udp,CON,132,164,31,29,0,0,dns,437448.2188,543496.25,2,2,0,0,0,0,1421927427,1421927427,0,0,0,0,0,,0
10.40.182.1,0,224.0.0.5,0,ospf,INT,384,0,1,0,0,0,-,51.19556,0,6,0,0,0,2.000381,0,1421927377,1421927427,0,0,0,0,0,,0
10.40.85.1,0,224.0.0.5,0,ospf,INT,384,0,1,0,0,0,-,51.195557,0,6,0,0,0,0,0,1421927377,1421927427,0,0,0,0,0,,0
10.40.182.1,0,224.0.0.5,0,ospf,INT,384,0,1,0,0,0,-,51.19556,0,6,0,0,0,2.000381,0,1421927377,1421927427,0,0,0,0,0,,0
10.40.85.1,0,224.0.0.5,0,ospf,INT,384,0,1,0,0,0,-,51.195557,0,6,0,0,0,0,0,1421927377,1421927427,0,0,0,0,0,,0
59.166.0.0,6211,149.171.126.3,53,udp,CON,146,178,31,29,0,0,dns,497021.2813,605957.4375,2,2,0,0,0,0,1421927427,1421927427,0,0,0,0,0,,0
59.166.0.3,46822,149.171.126.3,53,udp,CON,132,164,31,29,0,0,dns,510638.3125,634429.4375,2,2,0,0,0,0,1421927427,1421927427,0,0,0,0,0,,0
59.166.0.6,27338,149.171.126.2,53,udp,CON,146,178,31,29,0,0,dns,539242.875,657433.0625,2,2,0,0,0,0,1421927427,1421927427,0,0,0,0,0,,0
59.166.0.4,48170,149.171.126.0,53,udp,CON,146,178,31,29,0,0,dns,521428.5625,635714.25,2,2,0,0,0,0,1421927427,1421927427,0,0,0,0,0,,0
59.166.0.2,25822,149.171.126.1,53,udp,CON,146,178,31,29,0,0,dns,508710.7813,620209.0625,2,2,0,0,0,0,1421927427,1421927427,0,0,0,0,0,,0
59.166.0.3,25557,149.171.126.1,53,udp,CON,132,164,31,29,0,0,dns,510144.9375,633816.4375,2,2,0,0,0,0,1421927427,1421927427,0,0,0,0,0,,0
59.166.0.6,53847,149.171.126.5,53,udp,CON,146,178,31,29,0,0,dns,522829,637421.6875,2,2,0,0,0,0,1421927427,1421927427,0,0,0,0,0,,0
175.45.176.0,9590,149.171.126.10,6661,tcp,FIN,980,268,254,252,2,1,-,32859.10547,8345.169922,10,6,0,0,994.144649,55.330926,1421927427,1421927427,0.056606,0.011071,0.045535,0,1,Exploits,1
175.45.176.0,36918,149.171.126.17,80,tcp,FIN,1506,141751,62,252,2,55,http,12713.32813,1232798,26,114,1,68324,1938.616122,956.247795,1421927427,1421927428,0.018608,0.008915,0.009693,0,1,Exploits,1
59.166.0.4,64521,149.171.126.9,53,udp,CON,146,178,31,29,0,0,dns,538745.375,656826.5625,2,2,0,0,0,0,1421927428,1421927428,0,0,0,0,0,,0
59.166.0.6,8569,149.171.126.2,53,udp,CON,132,164,31,29,0,0,dns,477396,593128.375,2,2,0,0,0,0,1421927428,1421927428,0,0,0,0,0,,0
59.166.0.1,13156,149.171.126.9,53,udp,CON,130,162,31,29,0,0,dns,471014.4688,586956.5,2,2,0,0,0,0,1421927428,1421927428,0,0,0,0,0,,0
59.166.0.8,55459,149.171.126.4,59029,udp,CON,528,304,31,29,0,0,-,1820689.625,1048275.875,4,4,0,0,0.627203,0.293452,1421927428,1421927428,0,0,0,0,0,,0
59.166.0.8,62105,149.171.126.4,111,udp,CON,568,312,31,29,0,0,-,698790.25,383842.5313,4,4,0,0,1.779801,1.518396,1421927428,1421927428,0,0,0,0,0,,0
59.166.0.5,22160,149.171.126.7,53,udp,CON,132,164,31,29,0,0,dns,459530.0313,570931.25,2,2,0,0,0,0,1421927428,1421927428,0,0,0,0,0,,0
59.166.0.3,42094,149.171.126.0,53,udp,CON,132,164,31,29,0,0,dns,484403.6563,601834.8125,2,2,0,0,0,0,1421927428,1421927428,0,0,0,0,0,,0
59.166.0.7,45400,149.171.126.5,53,udp,CON,146,178,31,29,0,0,dns,519572.9688,633452,2,2,0,0,0,0,1421927429,1421927429,0,0,0,0,0,,0
59.166.0.0,53052,149.171.126.9,53,udp,CON,132,164,31,29,0,0,dns,468500.4688,582076.3125,2,2,0,0,0,0,1421927429,1421927429,0,0,0,0,0,,0
59.166.0.0,32302,149.171.126.7,53,udp,CON,132,164,31,29,0,0,dns,457142.875,567965.375,2,2,0,0,0,0,1421927429,1421927429,0,0,0,0,0,,0
59.166.0.6,5702,149.171.126.4,53,udp,CON,132,164,31,29,0,0,dns,481312.6875,597994.5625,2,2,0,0,0,0,1421927429,1421927429,0,0,0,0,0,,0
59.166.0.4,28228,149.171.126.1,53,udp,CON,132,164,31,29,0,0,dns,453608.25,563573.875,2,2,0,0,0,0,1421927429,1421927429,0,0,0,0,0,,0
175.45.176.0,27804,149.171.126.16,111,tcp,FIN,564,354,254,252,2,1,-,5844.27002,3566.38501,10,8,0,0,5579.765824,140.926172,1421927428,1421927429,0.075913,0.053548,0.022365,0,1,Reconnaissance,1
175.45.176.2,63163,149.171.126.11,8080,tcp,FIN,1314,1172,254,252,3,2,http,33196.16406,28264.95117,12,8,2,0,1351.861513,58.209082,1421927429,1421927429,0.059184,0.014164,0.04502,0,1,Exploits,1
175.45.176.3,23776,149.171.126.12,80,tcp,FIN,946,268,254,252,2,1,http,34820.10156,9154.581055,10,6,1,0,1095.915568,64.667461,1421927430,1421927430,0.057799,0.010401,0.047398,0,1,Exploits,1
59.166.0.0,23585,149.171.126.0,53,udp,CON,146,178,31,29,0,0,dns,527551.9375,643179.75,2,2,0,0,0,0,1421927430,1421927430,0,0,0,0,0,,0
59.166.0.1,54819,149.171.126.4,111,udp,CON,568,304,31,29,0,0,-,745569.875,399037.4063,4,4,0,0,1.7013,1.435427,1421927430,1421927430,0,0,0,0,0,,0
59.166.0.0,34652,149.171.126.3,53,udp,CON,130,162,31,29,0,0,dns,451388.875,562500,2,2,0,0,0,0,1421927430,1421927430,0,0,0,0,0,,0
59.166.0.7,18688,149.171.126.5,53,udp,CON,146,178,31,29,0,0,dns,528028.9375,643761.25,2,2,0,0,0,0,1421927430,1421927430,0,0,0,0,0,,0
59.166.0.8,24521,149.171.126.0,111,udp,CON,568,304,31,29,0,0,-,764468.375,409152.0938,4,4,0,0,1.67608,1.386166,1421927430,1421927430,0,0,0,0,0,,0
59.166.0.1,56339,149.171.126.4,26995,udp,CON,520,304,31,29,0,0,-,1768707.5,1034013.563,4,4,0,0,0.630032,0.310193,1421927430,1421927430,0,0,0,0,0,,0
59.166.0.8,55894,149.171.126.0,31810,udp,CON,520,304,31,29,0,0,-,1840708,1076106.25,4,4,0,0,0.611176,0.279313,1421927430,1421927430,0,0,0,0,0,,0
59.166.0.1,41574,149.171.126.3,53,udp,CON,132,164,31,29,0,0,dns,463157.9063,575438.625,2,2,0,0,0,0,1421927430,1421927430,0,0,0,0,0,,0
59.166.0.5,13226,149.171.126.5,53,udp,CON,132,164,31,29,0,0,dns,404907.9688,503067.4688,2,2,0,0,0,0,1421927430,1421927430,0,0,0,0,0,,0
59.166.0.8,17542,149.171.126.4,53,udp,CON,132,164,31,29,0,0,dns,468500.4688,582076.3125,2,2,0,0,0,0,1421927430,1421927430,0,0,0,0,0,,0
59.166.0.4,11620,149.171.126.8,53,udp,CON,146,178,31,29,0,0,dns,513181,625659,2,2,0,0,0,0,1421927431,1421927431,0,0,0,0,0,,0
59.166.0.5,49954,149.171.126.8,53,udp,CON,132,164,31,29,0,0,dns,496707.4688,617121.375,2,2,0,0,0,0,1421927431,1421927431,0,0,0,0,0,,0
59.166.0.5,44442,149.171.126.0,53,udp,CON,132,164,31,29,0,0,dns,497175.125,617702.4375,2,2,0,0,0,0,1421927431,1421927431,0,0,0,0,0,,0
59.166.0.9,57192,149.171.126.3,111,udp,CON,568,312,31,29,0,0,-,722493.125,396862.4375,4,4,0,0,1.709078,1.48351,1421927431,1421927431,0,0,0,0,0,,0
59.166.0.1,46386,149.171.126.1,53,udp,CON,132,164,31,29,0,0,dns,471008,585191.75,2,2,0,0,0,0,1421927431,1421927431,0,0,0,0,0,,0
59.166.0.9,30978,149.171.126.0,53,udp,CON,132,164,31,29,0,0,dns,480874.3125,597449.9375,2,2,0,0,0,0,1421927431,1421927431,0,0,0,0,0,,0
59.166.0.9,50620,149.171.126.3,29594,udp,CON,528,304,31,29,0,0,-,1877889.75,1081209.25,4,4,0,0,0.60929,0.279081,1421927431,1421927431,0,0,0,0,0,,0
59.166.0.2,57325,149.171.126.2,53,udp,CON,130,162,31,29,0,0,dns,438448.5938,546374.375,2,2,0,0,0,0,1421927431,1421927431,0,0,0,0,0,,0
175.45.176.2,45388,149.171.126.18,80,tcp,FIN,1144,268,254,252,2,1,http,44471.78906,9671.535156,10,6,1,0,1009.797213,58.227898,1421927431,1421927431,0.060103,0.012869,0.047234,0,1,Exploits,1
59.166.0.7,16524,149.171.126.3,53,udp,CON,132,164,31,29,0,0,dns,484403.6563,601834.8125,2,2,0,0,0,0,1421927432,1421927432,0,0,0,0,0,,0
59.166.0.3,20954,149.171.126.9,15964,udp,CON,528,304,31,29,0,0,-,1723612.625,992383,4,4,0,0,0.654309,0.316787,1421927432,1421927432,0,0,0,0,0,,0
59.166.0.5,26325,149.171.126.9,53,udp,CON,146,178,31,29,0,0,dns,542246.9375,661095.625,2,2,0,0,0,0,1421927432,1421927432,0,0,0,0,0,,0
59.166.0.0,51670,149.171.126.7,53,udp,CON,132,164,31,29,0,0,dns,498583.5625,619452.3125,2,2,0,0,0,0,1421927432,1421927432,0,0,0,0,0,,0
59.166.0.1,59760,149.171.126.0,53,udp,CON,132,164,31,29,0,0,dns,476534.2813,592057.75,2,2,0,0,0,0,1421927432,1421927432,0,0,0,0,0,,0
59.166.0.4,57620,149.171.126.2,53,udp,CON,146,178,31,29,0,0,dns,533820.875,650822.6875,2,2,0,0,0,0,1421927432,1421927432,0,0,0,0,0,,0
59.166.0.6,12731,149.171.126.0,53,udp,CON,132,164,31,29,0,0,dns,485740.5625,603495.875,2,2,0,0,0,0,1421927432,1421927432,0,0,0,0,0,,0
59.166.0.3,63421,149.171.126.9,111,udp,CON,568,312,31,29,0,0,-,694659.5625,381573.5625,4,4,0,0,1.801475,1.557756,1421927432,1421927432,0,0,0,0,0,,0
59.166.0.4,50226,149.171.126.6,53,udp,CON,132,164,31,29,0,0,dns,480874.3125,597449.9375,2,2,0,0,0,0,1421927433,1421927433,0,0,0,0,0,,0
59.166.0.5,3929,149.171.126.0,53,udp,CON,132,164,31,29,0,0,dns,500948.7813,622390.875,2,2,0,0,0,0,1421927433,1421927433,0,0,0,0,0,,0
59.166.0.0,53212,149.171.126.1,53,udp,CON,132,164,31,29,0,0,dns,505747.125,628352.5,2,2,0,0,0,0,1421927433,1421927433,0,0,0,0,0,,0
59.166.0.9,13190,149.171.126.6,53,udp,CON,132,164,31,29,0,0,dns,480436.7813,596906.3125,2,2,0,0,0,0,1421927433,1421927433,0,0,0,0,0,,0
59.166.0.2,45773,149.171.126.4,53,udp,CON,130,162,31,29,0,0,dns,474885.875,591780.875,2,2,0,0,0,0,1421927433,1421927433,0,0,0,0,0,,0
59.166.0.4,54178,149.171.126.2,53,udp,CON,130,162,31,29,0,0,dns,479262.6875,597235,2,2,0,0,0,0,1421927433,1421927433,0,0,0,0,0,,0
175.45.176.0,30003,149.171.126.14,143,tcp,FIN,1608,132728,62,252,6,56,-,11975.21973,1011391.125,32,116,0,0,1600.718758,860.039642,1421927432,1421927433,0.057247,0.006223,0.051024,0,1,Exploits,1
59.166.0.2,20117,149.171.126.1,111,udp,CON,568,312,31,29,0,0,-,707935.1875,388865.8125,4,4,0,0,1.74962,1.514623,1421927434,1421927434,0,0,0,0,0,,0
59.166.0.0,31547,149.171.126.2,53,udp,CON,132,164,31,29,0,0,dns,489795.9375,608534.375,2,2,0,0,0,0,1421927434,1421927434,0,0,0,0,0,,0
59.166.0.2,59553,149.171.126.1,37382,udp,CON,528,304,31,29,0,0,-,1804100.25,1038724.375,4,4,0,0,0.625553,0.299817,1421927434,1421927434,0,0,0,0,0,,0
59.166.0.2,56626,149.171.126.7,53,udp,CON,146,178,31,29,0,0,dns,570312.5,695312.5,2,2,0,0,0,0,1421927434,1421927434,0,0,0,0,0,,0
59.166.0.7,16464,149.171.126.2,53,udp,CON,132,164,31,29,0,0,dns,476964.75,592592.5625,2,2,0,0,0,0,1421927434,1421927434,0,0,0,0,0,,0
59.166.0.3,59680,149.171.126.3,53,udp,CON,130,162,31,29,0,0,dns,480147.75,598337.9375,2,2,0,0,0,0,1421927434,1421927434,0,0,0,0,0,,0
59.166.0.3,59680,149.171.126.3,53,udp,CON,130,162,31,29,0,0,dns,480147.75,598337.9375,2,2,0,0,0,0,1421927434,1421927434,0,0,0,0,0,,0
59.166.0.2,17916,149.171.126.5,53,udp,CON,146,178,31,29,0,0,dns,532846.75,649635.0625,2,2,0,0,0,0,1421927434,1421927434,0,0,0,0,0,,0
59.166.0.5,23282,149.171.126.9,53,udp,CON,132,164,31,29,0,0,dns,482191.8125,599086.8125,2,2,0,0,0,0,1421927434,1421927434,0,0,0,0,0,,0
175.45.176.1,47096,149.171.126.16,111,tcp,FIN,564,354,254,252,2,1,-,6500.194824,3966.654541,10,8,0,0,5430.792169,137.643219,1421927433,1421927434,0.054839,0.009784,0.045055,0,1,Reconnaissance,1
59.166.0.7,12090,149.171.126.3,53,udp,CON,146,178,31,29,0,0,dns,519111.125,632888.9375,2,2,0,0,0,0,1421927435,1421927435,0,0,0,0,0,,0
59.166.0.3,1371,149.171.126.5,53,udp,CON,132,164,31,29,0,0,dns,471428.5625,585714.25,2,2,0,0,0,0,1421927435,1421927435,0,0,0,0,0,,0
59.166.0.7,5470,149.171.126.9,53,udp,CON,146,178,31,29,0,0,dns,585757.25,714142.4375,2,2,0,0,0,0,1421927435,1421927435,0,0,0,0,0,,0
59.166.0.4,18442,149.171.126.0,53,udp,CON,146,178,31,29,0,0,dns,546816.5,666666.6875,2,2,0,0,0,0,1421927435,1421927435,0,0,0,0,0,,0
59.166.0.3,34198,149.171.126.6,53,udp,CON,132,164,31,29,0,0,dns,510638.3125,634429.4375,2,2,0,0,0,0,1421927435,1421927435,0,0,0,0,0,,0
59.166.0.7,17961,149.171.126.2,53,udp,CON,130,162,31,29,0,0,dns,473157.4063,589626.9375,2,2,0,0,0,0,1421927435,1421927435,0,0,0,0,0,,0
175.45.176.3,9002,149.171.126.19,111,tcp,FIN,564,354,254,252,2,1,-,6456.645996,3940.079102,10,8,0,0,5437.992729,137.726844,1421927434,1421927435,0.05335,0.007514,0.045836,0,1,Reconnaissance,1
175.45.176.1,12940,149.171.126.16,80,tcp,FIN,878,1002,62,252,2,2,http,23588,26152.56055,10,8,1,78,1466.979442,53.908418,1421927435,1421927435,0.055114,0.008277,0.046837,0,1,DoS,1
59.166.0.2,49540,149.171.126.7,53,udp,CON,132,164,31,29,0,0,dns,473118.2813,587813.625,2,2,0,0,0,0,1421927436,1421927436,0,0,0,0,0,,0
59.166.0.6,28229,149.171.126.3,53,udp,CON,132,164,31,29,0,0,dns,463971.875,576449.875,2,2,0,0,0,0,1421927436,1421927436,0,0,0,0,0,,0
59.166.0.8,58414,149.171.126.9,53,udp,CON,132,164,31,29,0,0,dns,470588.2188,584670.1875,2,2,0,0,0,0,1421927436,1421927436,0,0,0,0,0,,0
59.166.0.2,62538,149.171.126.9,53,udp,CON,132,164,31,29,0,0,dns,489342,607970.375,2,2,0,0,0,0,1421927436,1421927436,0,0,0,0,0,,0
175.45.176.3,26334,149.171.126.16,80,tcp,FIN,798,5348,62,252,2,3,http,22318.96875,149434.6563,10,10,1,2234,1361.329224,1908.70367,1421927436,1421927436,0.057726,0.010819,0.046907,0,1,Exploits,1
59.166.0.1,10364,149.171.126.1,6601,udp,CON,520,304,31,29,0,0,-,1640378.5,958990.5,4,4,0,0,0.684008,0.34602,1421927437,1421927437,0,0,0,0,0,,0
59.166.0.0,21048,149.171.126.7,53,udp,CON,132,164,31,29,0,0,dns,484403.6563,601834.8125,2,2,0,0,0,0,1421927437,1421927437,0,0,0,0,0,,0
59.166.0.1,8985,149.171.126.1,111,udp,CON,568,304,31,29,0,0,-,679155.0625,363491.4375,4,4,0,0,1.903534,1.614089,1421927437,1421927437,0,0,0,0,0,,0
59.166.0.2,63409,149.171.126.2,53,udp,CON,146,178,31,29,0,0,dns,517730.5,631205.6875,2,2,0,0,0,0,1421927437,1421927437,0,0,0,0,0,,0
59.166.0.0,6686,149.171.126.4,53,udp,CON,132,164,31,29,0,0,dns,495309.5938,615384.625,2,2,0,0,0,0,1421927437,1421927437,0,0,0,0,0,,0
59.166.0.8,40814,149.171.126.9,53,udp,CON,132,164,31,29,0,0,dns,480436.7813,596906.3125,2,2,0,0,0,0,1421927437,1421927437,0,0,0,0,0,,0
59.166.0.8,64882,149.171.126.2,53,udp,CON,130,162,31,29,0,0,dns,411067.2188,512252.9688,2,2,0,0,0,0,1421927437,1421927437,0,0,0,0,0,,0
59.166.0.0,22344,149.171.126.2,53,udp,CON,130,162,31,29,0,0,dns,460992.9063,574468.125,2,2,0,0,0,0,1421927438,1421927438,0,0,0,0,0,,0
59.166.0.1,48289,149.171.126.2,20438,udp,CON,528,304,31,29,0,0,-,1600000,921212.125,4,4,0,0,0.715357,0.364875,1421927438,1421927438,0,0,0,0,0,,0
59.166.0.5,42591,149.171.126.3,53,udp,CON,132,164,31,29,0,0,dns,488888.9063,607407.4375,2,2,0,0,0,0,1421927438,1421927438,0,0,0,0,0,,0
59.166.0.1,46904,149.171.126.2,111,udp,CON,568,312,31,29,0,0,-,643018.875,353207.5625,4,4,0,0,1.94926,1.735004,1421927438,1421927438,0,0,0,0,0,,0
59.166.0.7,61379,149.171.126.4,53,udp,CON,130,162,31,29,0,0,dns,473588.3438,590163.9375,2,2,0,0,0,0,1421927438,1421927438,0,0,0,0,0,,0
59.166.0.1,50629,149.171.126.7,53,udp,CON,130,162,31,29,0,0,dns,459363.9688,572438.1875,2,2,0,0,0,0,1421927438,1421927438,0,0,0,0,0,,0
59.166.0.9,54957,149.171.126.3,53,udp,CON,146,178,31,29,0,0,dns,527551.9375,643179.75,2,2,0,0,0,0,1421927438,1421927438,0,0,0,0,0,,0
175.45.176.3,31149,149.171.126.11,80,tcp,FIN,840,1420,62,252,2,2,http,23135.09766,38038.26172,10,8,1,291,1431.872477,53.103469,1421927438,1421927438,0.051533,0.006686,0.044847,0,1,Exploits,1
59.166.0.0,14789,149.171.126.1,53,udp,CON,146,178,31,29,0,0,dns,512280.7188,624561.4375,2,2,0,0,0,0,1421927439,1421927439,0,0,0,0,0,,0
59.166.0.1,62377,149.171.126.4,53,udp,CON,130,162,31,29,0,0,dns,498084.2813,620689.625,2,2,0,0,0,0,1421927439,1421927439,0,0,0,0,0,,0
192.168.241.243,259,192.168.241.243,49320,icmp,URH,1780,0,64,0,0,0,-,196.4095,0,5,0,0,0,4030.70075,0,1421927381,1421927439,0,0,0,0,0,,0
192.168.241.243,49320,192.168.241.243,0xc0a8,icmp,URH,1780,0,64,0,0,0,-,196.4095,0,5,0,0,0,4030.70075,0,1421927381,1421927439,0,0,0,0,0,,0
59.166.0.6,38993,149.171.126.0,53,udp,CON,132,164,31,29,0,0,dns,498113.1875,618867.875,2,2,0,0,0,0,1421927439,1421927439,0,0,0,0,0,,0
59.166.0.9,59720,149.171.126.8,53,udp,CON,132,164,31,29,0,0,dns,493457.9375,613084.125,2,2,0,0,0,0,1421927439,1421927439,0,0,0,0,0,,0
59.166.0.4,21489,149.171.126.7,53,udp,CON,130,162,31,29,0,0,dns,454545.4688,566433.5625,2,2,0,0,0,0,1421927439,1421927439,0,0,0,0,0,,0
59.166.0.8,45682,149.171.126.0,53,udp,CON,130,162,31,29,0,0,dns,413683.375,515513.125,2,2,0,0,0,0,1421927439,1421927439,0,0,0,0,0,,0
59.166.0.8,32958,149.171.126.8,53,udp,CON,132,164,31,29,0,0,dns,469750.9063,583629.9375,2,2,0,0,0,0,1421927440,1421927440,0,0,0,0,0,,0
59.166.0.8,55879,149.171.126.3,53,udp,CON,146,178,31,29,0,0,dns,543255.8125,662325.5625,2,2,0,0,0,0,1421927440,1421927440,0,0,0,0,0,,0
59.166.0.0,43096,149.171.126.3,53,udp,CON,132,164,31,29,0,0,dns,473967.6875,588868.9375,2,2,0,0,0,0,1421927440,1421927440,0,0,0,0,0,,0
59.166.0.2,31439,149.171.126.1,53,udp,CON,146,178,31,29,0,0,dns,536764.6875,654411.75,2,2,0,0,0,0,1421927440,1421927440,0,0,0,0,0,,0
59.166.0.3,45426,149.171.126.0,53,udp,CON,132,164,31,29,0,0,dns,501424.5,622981.9375,2,2,0,0,0,0,1421927440,1421927440,0,0,0,0,0,,0
59.166.0.9,28993,149.171.126.3,53,udp,CON,132,164,31,29,0,0,dns,450127.875,559249.8125,2,2,0,0,0,0,1421927440,1421927440,0,0,0,0,0,,0
59.166.0.9,39265,149.171.126.1,53,udp,CON,132,164,31,29,0,0,dns,500948.7813,622390.875,2,2,0,0,0,0,1421927440,1421927440,0,0,0,0,0,,0
175.45.176.1,24289,149.171.126.19,25,tcp,FIN,3422,1834,62,252,7,8,smtp,33045.79688,17717.26172,20,20,0,0,1949.06352,45.575828,1421927439,1421927440,0.055716,0.008784,0.046932,0,1,Exploits,1
59.166.0.7,20460,149.171.126.3,53,udp,CON,132,164,31,29,0,0,dns,490250.6875,609099.3125,2,2,0,0,0,0,1421927441,1421927441,0,0,0,0,0,,0
59.166.0.2,35794,149.171.126.1,53,udp,CON,130,162,31,29,0,0,dns,458958.5,571932.9375,2,2,0,0,0,0,1421927441,1421927441,0,0,0,0,0,,0
59.166.0.0,56172,149.171.126.0,53,udp,CON,132,164,31,29,0,0,dns,484848.4688,602387.5,2,2,0,0,0,0,1421927441,1421927441,0,0,0,0,0,,0
59.166.0.8,56030,149.171.126.5,53,udp,CON,132,164,31,29,0,0,dns,488888.9063,607407.4375,2,2,0,0,0,0,1421927441,1421927441,0,0,0,0,0,,0
59.166.0.1,17200,149.171.126.1,53,udp,CON,132,164,31,29,0,0,dns,472271.9063,586762.0625,2,2,0,0,0,0,1421927441,1421927441,0,0,0,0,0,,0
59.166.0.8,58755,149.171.126.7,53,udp,CON,132,164,31,29,0,0,dns,501424.5,622981.9375,2,2,0,0,0,0,1421927441,1421927441,0,0,0,0,0,,0
175.45.176.0,43666,149.171.126.19,25,tcp,FIN,2730,1212,254,252,6,6,smtp,31806.66797,14022.55957,18,16,0,0,1809.80764,47.374184,1421927440,1421927441,0.05887,0.011941,0.046929,0,1,Exploits,1
175.45.176.3,55249,149.171.126.10,5060,udp,INT,1388,0,254,0,0,0,-,292210528,0,2,0,0,0,0,0,1421927441,1421927441,0,0,0,0,2,Generic,1
59.166.0.7,51641,149.171.126.6,53,udp,CON,132,164,31,29,0,0,dns,476104.625,591523.9375,2,2,0,0,0,0,1421927442,1421927442,0,0,0,0,0,,0
59.166.0.9,31843,149.171.126.6,53,udp,CON,132,164,31,29,0,0,dns,501901.1563,623574.1875,2,2,0,0,0,0,1421927442,1421927442,0,0,0,0,0,,0
59.166.0.4,4012,149.171.126.2,53,udp,CON,132,164,31,29,0,0,dns,469750.9063,583629.9375,2,2,0,0,0,0,1421927442,1421927442,0,0,0,0,0,,0
175.45.176.0,36159,149.171.126.14,111,udp,INT,168,0,254,0,0,0,-,56000000,0,2,0,0,0,0,0,1421927442,1421927442,0,0,0,0,2,Reconnaissance,1
59.166.0.1,18694,149.171.126.0,80,tcp,FIN,1052,824,31,29,2,2,http,3296.940918,2656.16748,8,10,0,0,26615.32852,701.095063,1421927441,1421927443,0.000752,0.000593,0.000159,0,0,,0
59.166.0.8,29249,149.171.126.6,80,tcp,FIN,1052,824,31,29,2,2,http,3671.674072,2958.06958,8,10,0,0,23382.17365,623.002813,1421927441,1421927443,0.000756,0.000582,0.000174,0,0,,0
59.166.0.6,10963,149.171.126.4,80,tcp,FIN,1052,824,31,29,2,2,http,1636.037231,1318.067017,8,10,0,0,53243.33316,1407.769125,1421927439,1421927443,0.000712,0.000552,0.00016,0,0,,0
59.166.0.9,23654,149.171.126.6,80,tcp,FIN,1052,824,31,29,2,2,http,1915.415527,1543.146973,8,10,0,0,45016.37805,1207.825375,1421927439,1421927443,0.000735,0.000581,0.000154,0,0,,0
59.166.0.0,61696,149.171.126.8,80,tcp,FIN,1052,824,31,29,2,2,http,1205.332764,971.071533,8,10,0,0,71089.99714,1918.7785,1421927437,1421927443,0.000695,0.000539,0.000156,0,0,,0
59.166.0.3,37739,149.171.126.7,80,tcp,FIN,1052,824,31,29,2,2,http,897.205383,722.829956,8,10,0,0,93930.05725,2524.193,1421927435,1421927443,0.000666,0.000529,0.000137,0,0,,0
59.166.0.1,11725,149.171.126.5,6881,tcp,FIN,1540,1644,31,29,4,4,-,309464.5,332824.3438,16,18,0,0,147.216147,4.082238,1421927443,1421927443,0.001938,0.001148,0.00079,0,0,,0
59.166.0.3,56661,149.171.126.5,53,udp,CON,132,164,31,29,0,0,dns,38704.00391,48086.78906,2,2,0,0,0,0,1421927443,1421927443,0,0,0,0,0,,0
59.166.0.4,49403,149.171.126.6,6881,tcp,FIN,1540,1644,31,29,4,4,-,134200.75,144330.8594,16,18,0,0,371.951619,11.191453,1421927443,1421927443,0.001016,0.000544,0.000472,0,0,,0
59.166.0.7,3326,149.171.126.5,6881,tcp,FIN,1540,1644,31,29,4,4,-,292159.8438,314213.4375,16,18,0,0,165.894192,4.291281,1421927443,1421927443,0.000728,0.000611,0.000117,0,0,,0
59.166.0.9,26669,149.171.126.0,6881,tcp,FIN,1540,1644,31,29,4,4,-,192014.8906,206509.0938,16,18,0,0,249.559622,8.14583,1421927443,1421927443,0.001353,0.001207,0.000146,0,0,,0
59.166.0.0,47184,149.171.126.1,80,tcp,FIN,1052,824,31,29,2,2,http,518.978638,418.113098,8,10,0,0,169007.7226,4453.7095,1421927429,1421927443,0.000691,0.000551,0.00014,0,0,,0
59.166.0.2,24697,149.171.126.7,80,tcp,FIN,1052,824,31,29,2,2,http,308.295166,248.376785,8,10,0,0,284734.3095,7502.456,1421927419,1421927443,0.000727,0.000583,0.000144,0,0,,0
59.166.0.2,20446,149.171.126.8,80,tcp,FIN,1052,824,31,29,2,2,http,261.960754,211.047638,8,10,0,0,332676.218,8743.158,1421927415,1421927443,0.000755,0.000583,0.000172,0,0,,0
59.166.0.6,50089,149.171.126.9,80,tcp,FIN,1052,824,31,29,2,2,http,256.901855,206.971954,8,10,0,0,342124.9889,9002.543,1421927414,1421927443,0.000765,0.000608,0.000157,0,0,,0
59.166.0.0,6885,149.171.126.0,80,tcp,FIN,1052,824,31,29,2,2,http,2483.331543,2000.686279,8,10,0,0,34180.02578,930.837188,1421927440,1421927443,0.000689,0.000534,0.000155,0,0,,0
59.166.0.3,9246,149.171.126.8,80,tcp,FIN,1052,824,31,29,2,2,http,2622.238525,2112.596191,8,10,0,0,33131.71219,879.683437,1421927440,1421927443,0.000703,0.000554,0.000149,0,0,,0
59.166.0.8,34443,149.171.126.7,80,tcp,FIN,1052,824,31,29,2,2,http,1209.61084,974.518188,8,10,0,0,72142.82126,1905.209625,1421927437,1421927443,0.00061,0.000467,0.000143,0,0,,0
59.166.0.8,62042,149.171.126.5,80,tcp,FIN,1052,824,31,29,2,2,http,963.413086,776.169922,8,10,0,0,88050.59611,2360.78475,1421927436,1421927443,0.000692,0.000538,0.000154,0,0,,0
59.166.0.1,50168,149.171.126.2,80,tcp,FIN,1052,824,31,29,2,2,http,592.854797,477.631134,8,10,0,0,144944.8282,3806.7035,1421927431,1421927443,0.000678,0.000535,0.000143,0,0,,0
59.166.0.5,43467,149.171.126.8,80,tcp,FIN,1052,824,31,29,2,2,http,710.707947,572.579041,8,10,0,0,122640.7179,3256.80425,1421927433,1421927443,0.000673,0.000527,0.000146,0,0,,0
59.166.0.0,31813,149.171.126.2,80,tcp,FIN,1052,824,31,29,2,2,http,674.115112,543.098145,8,10,0,0,127361.8745,3433.0265,1421927432,1421927443,0.000668,0.000528,0.00014,0,0,,0
59.166.0.1,10862,149.171.126.5,6881,tcp,FIN,1540,1644,31,29,4,4,-,304376.4688,327352.25,16,18,0,0,153.034966,4.304342,1421927443,1421927443,0.001239,0.001045,0.000194,0,0,,0
59.166.0.1,7401,149.171.126.5,6881,tcp,FIN,1540,1644,31,29,4,4,-,426052.9688,458213.4688,16,18,0,0,109.632422,2.86359,1421927443,1421927443,0.001889,0.00106,0.000829,0,0,,0
59.166.0.3,55084,149.171.126.0,53,udp,CON,130,162,31,29,0,0,dns,3121.155029,3889.439209,2,2,0,0,0,0,1421927443,1421927443,0,0,0,0,0,,0
59.166.0.4,48190,149.171.126.6,6881,tcp,FIN,1540,1644,31,29,4,4,-,132583.4844,142591.5313,16,18,0,0,374.271845,11.355622,1421927443,1421927443,0.000991,0.000503,0.000488,0,0,,0
59.166.0.5,23099,149.171.126.9,62846,udp,CON,520,304,31,29,0,0,-,1847246.875,1079928.875,4,4,0,0,0.616833,0.284495,1421927443,1421927443,0,0,0,0,0,,0
59.166.0.2,21003,149.171.126.9,80,tcp,FIN,1052,824,31,29,2,2,http,331.909546,267.401611,8,10,0,0,264692.3325,6968.653,1421927421,1421927443,0.000673,0.000533,0.00014,0,0,,0
59.166.0.7,50602,149.171.126.0,80,tcp,FIN,1052,824,31,29,2,2,http,336.850952,271.38266,8,10,0,0,258941.93,6871.3955,1421927421,1421927443,0.000741,0.000596,0.000145,0,0,,0
59.166.0.8,64516,149.171.126.2,80,tcp,FIN,1052,824,31,29,2,2,http,360.161469,290.162659,8,10,0,0,242826.6267,6385.79,1421927423,1421927443,0.000688,0.000542,0.000146,0,0,,0
59.166.0.1,34663,149.171.126.5,80,tcp,FIN,1052,824,31,29,2,2,http,353.326263,284.655914,8,10,0,0,246456.1634,6486.775,1421927422,1421927443,0.000685,0.000545,0.00014,0,0,,0
59.166.0.2,58325,149.171.126.0,80,tcp,FIN,1052,824,31,29,2,2,http,268.492126,216.309631,8,10,0,0,325628.079,8612.739,1421927416,1421927443,0.00075,0.000587,0.000163,0,0,,0
59.166.0.7,8200,149.171.126.4,80,tcp,FIN,1052,824,31,29,2,2,http,276.937683,223.113754,8,10,0,0,317480.5092,8357.5975,1421927417,1421927443,0.000743,0.000579,0.000164,0,0,,0
59.166.0.2,10056,149.171.126.0,6881,tcp,FIN,1540,1644,31,29,4,4,-,226465.3906,243560.0781,16,18,0,0,210.240438,5.755138,1421927443,1421927443,0.001217,0.001026,0.000191,0,0,,0
59.166.0.7,60165,149.171.126.6,80,tcp,FIN,1052,824,31,29,2,2,http,3270.318115,2634.71875,8,10,0,0,24287.87389,643.86575,1421927441,1421927443,0.000721,0.000566,0.000155,0,0,,0
59.166.0.4,32481,149.171.126.5,80,tcp,FIN,1052,824,31,29,2,2,http,683.349548,550.537842,8,10,0,0,128778.1494,3387.1755,1421927433,1421927443,0.000672,0.000532,0.00014,0,0,,0
59.166.0.9,34127,149.171.126.1,80,tcp,FIN,1052,824,31,29,2,2,http,739.704407,595.939941,8,10,0,0,116400.1387,3128.86625,1421927433,1421927443,0.000702,0.000545,0.000157,0,0,,0
59.166.0.4,22269,149.171.126.9,80,tcp,FIN,1034,824,31,29,2,2,http,433.628357,355.527344,8,10,0,0,198732.003,5239.1825,1421927426,1421927443,0.000686,0.000548,0.000138,0,0,,0
59.166.0.3,10741,149.171.126.8,80,tcp,FIN,1052,824,31,29,2,2,http,277.366791,223.459442,8,10,0,0,316109.4113,8346.7445,1421927417,1421927443,0.00073,0.00057,0.00016,0,0,,0
59.166.0.6,50778,149.171.126.0,80,tcp,FIN,1052,824,31,29,2,2,http,334.81723,269.744171,8,10,0,0,262242.1137,6909.7495,1421927421,1421927443,0.000691,0.00055,0.000141,0,0,,0
59.166.0.2,1643,149.171.126.5,80,tcp,FIN,1052,824,31,29,2,2,http,316.264191,254.796997,8,10,0,0,277694.9433,7313.3815,1421927420,1421927443,0.00068,0.000548,0.000132,0,0,,0
59.166.0.0,63485,149.171.126.6,53,udp,CON,146,178,31,29,0,0,dns,516814.1563,630088.5,2,2,0,0,0,0,1421927443,1421927443,0,0,0,0,0,,0
59.166.0.4,52969,149.171.126.6,6881,tcp,FIN,1540,1644,31,29,4,4,-,150092.25,161421.9219,16,18,0,0,321.607256,7.00245,1421927443,1421927443,0.015285,0.014481,0.000804,0,0,,0
59.166.0.5,21523,149.171.126.9,111,udp,CON,568,304,31,29,0,0,-,750165.125,401496.8125,4,4,0,0,1.711436,1.413035,1421927443,1421927443,0,0,0,0,0,,0
59.166.0.7,31613,149.171.126.5,80,tcp,FIN,1052,824,31,29,2,2,http,4776.97998,3848.555176,8,10,0,0,17195.99066,484.031187,1421927442,1421927443,0.000697,0.000543,0.000154,0,0,,0
59.166.0.8,2032,149.171.126.6,80,tcp,FIN,1034,824,31,29,2,2,http,2148.496826,1761.529907,8,10,0,0,37415.68958,985.545,1421927440,1421927443,0.000674,0.000527,0.000147,0,0,,0
59.166.0.5,21542,149.171.126.4,80,tcp,FIN,1052,824,31,29,2,2,http,436.823364,351.925018,8,10,0,0,200049.585,5299.213,1421927426,1421927443,0.000714,0.000572,0.000142,0,0,,0
59.166.0.2,49150,149.171.126.7,80,tcp,FIN,1052,824,31,29,2,2,http,1099.548218,885.84668,8,10,0,0,79478.46048,2097.65,1421927436,1421927443,0.000713,0.000556,0.000157,0,0,,0
59.166.0.3,45797,149.171.126.3,80,tcp,FIN,1052,824,31,29,2,2,http,468.850311,377.727386,8,10,0,0,187700.2017,4937.5425,1421927428,1421927443,0.000684,0.000542,0.000142,0,0,,0
59.166.0.5,10230,149.171.126.0,80,tcp,FIN,1052,824,31,29,2,2,http,620.019897,499.516571,8,10,0,0,141470.8581,3725.744,1421927431,1421927443,0.000666,0.000527,0.000139,0,0,,0
59.166.0.9,54017,149.171.126.1,80,tcp,FIN,1052,824,31,29,2,2,http,594.445984,478.913055,8,10,0,0,147409.2728,3886.695,1421927431,1421927443,0.000665,0.00052,0.000145,0,0,,0
59.166.0.6,14412,149.171.126.5,80,tcp,FIN,1052,824,31,29,2,2,http,632.346191,509.447205,8,10,0,0,138995.7628,3660.665,1421927432,1421927443,0.000699,0.00055,0.000149,0,0,,0
59.166.0.0,2639,149.171.126.0,80,tcp,FIN,1052,824,31,29,2,2,http,516.838379,416.388794,8,10,0,0,168053.2869,4477.9385,1421927429,1421927443,0.00069,0.000545,0.000145,0,0,,0
59.166.0.2,10056,149.171.126.0,6881,tcp,FIN,1540,1644,31,29,4,4,-,226465.3906,243560.0781,16,18,0,0,210.240438,5.755138,1421927443,1421927443,0.001217,0.001026,0.000191,0,0,,0
59.166.0.4,22336,149.171.126.6,80,tcp,FIN,1052,824,31,29,2,2,http,42161.88281,33967.55469,8,10,1,83,1555.188601,44.913004,1421927443,1421927443,0.000703,0.000555,0.000148,0,0,,0
59.166.0.7,46481,149.171.126.5,6881,tcp,FIN,1540,1644,31,29,4,4,-,292374.2813,314444.0938,16,18,0,0,164.891579,4.207598,1421927443,1421927443,0.001139,0.001038,0.000101,0,0,,0
59.166.0.7,47707,149.171.126.5,6881,tcp,FIN,1540,1644,31,29,4,4,-,259718.0625,279322.8125,16,18,0,0,172.309587,4.686937,1421927443,1421927443,0.005458,0.004715,0.000743,0,0,,0
59.166.0.9,27651,149.171.126.0,6881,tcp,FIN,1540,1644,31,29,4,4,-,189575.9531,203886.0469,16,18,0,0,260.014142,8.071065,1421927443,1421927443,0.000725,0.000452,0.000273,0,0,,0
59.166.0.9,57194,149.171.126.0,6881,tcp,FIN,1540,1644,31,29,4,4,-,191043.2031,205464.0469,16,18,0,0,256.991765,7.709742,1421927443,1421927443,0.000922,0.000563,0.000359,0,0,,0
59.166.0.3,14306,149.171.126.7,80,tcp,FIN,1052,824,31,29,2,2,http,319.971375,257.783661,8,10,0,0,270392.7567,7105.8055,1421927420,1421927443,0.000675,0.000538,0.000137,0,0,,0
59.166.0.2,30266,149.171.126.3,80,tcp,FIN,1052,824,31,29,2,2,http,289.235016,233.021042,8,10,0,0,301716.6581,8002.4005,1421927418,1421927443,0.000726,0.000575,0.000151,0,0,,0
59.166.0.3,58220,149.171.126.4,80,tcp,FIN,1052,824,31,29,2,2,http,290.35025,233.919525,8,10,0,0,302589.8961,7964.8615,1421927418,1421927443,0.000718,0.000558,0.00016,0,0,,0
59.166.0.5,6645,149.171.126.2,80,tcp,FIN,1052,824,31,29,2,2,http,251.741943,202.814896,8,10,0,0,349700.7664,9196.527,1421927414,1421927443,0.000774,0.000604,0.00017,0,0,,0
59.166.0.3,6051,149.171.126.8,80,tcp,FIN,1052,824,31,29,2,2,http,272.978699,219.924225,8,10,0,0,319680.6054,8470.284,1421927416,1421927443,0.000742,0.000584,0.000158,0,0,,0
59.166.0.8,24415,149.171.126.1,80,tcp,FIN,1052,824,31,29,2,2,http,3660.686768,2949.217773,8,10,0,0,23926.44354,631.314438,1421927441,1421927443,0.000693,0.000537,0.000156,0,0,,0
59.166.0.0,47744,149.171.126.8,80,tcp,FIN,1052,824,31,29,2,2,http,808.510254,651.373047,8,10,0,0,108770.9068,2862.297,1421927434,1421927443,0.000685,0.000542,0.000143,0,0,,0
59.166.0.7,64065,149.171.126.3,80,tcp,FIN,1052,824,31,29,2,2,http,647.171326,521.390991,8,10,0,0,135260.1444,3569.34025,1421927432,1421927443,0.000665,0.000528,0.000137,0,0,,0
59.166.0.5,34360,149.171.126.9,80,tcp,FIN,1052,824,31,29,2,2,http,547.069397,440.744263,8,10,0,0,159722.0702,4231.306,1421927430,1421927443,0.000737,0.000561,0.000176,0,0,,0
59.166.0.3,48463,149.171.126.4,80,tcp,FIN,1052,824,31,29,2,2,http,460.12619,370.698853,8,10,0,0,189170.2003,5030.467,1421927427,1421927443,0.00068,0.000539,0.000141,0,0,,0
59.166.0.1,45041,149.171.126.5,6881,tcp,FIN,1540,1644,31,29,4,4,-,81860.57031,88039.79688,16,18,0,0,841.7461,5.433112,1421927443,1421927443,0.100986,0.099224,0.001762,0,0,,0
59.166.0.9,60630,149.171.126.0,6881,tcp,FIN,1540,1644,31,29,4,4,-,244310.9688,262752.7188,16,18,0,0,200.909854,4.08053,1421927443,1421927443,0.011936,0.010222,0.001714,0,0,,0
59.166.0.1,26232,149.171.126.4,80,tcp,FIN,1052,824,31,29,2,2,http,306.573029,246.989349,8,10,0,0,284093.4627,7551.6205,1421927419,1421927443,0.000712,0.000565,0.000147,0,0,,0
59.166.0.1,50815,149.171.126.0,80,tcp,FIN,1052,824,31,29,2,2,http,271.954498,219.09906,8,10,0,0,322899.4759,8505.957,1421927416,1421927443,0.000665,0.000544,0.000121,0,0,,0
59.166.0.0,3231,149.171.126.5,80,tcp,FIN,1052,824,31,29,2,2,http,255.928162,206.1875,8,10,0,0,343261.8686,9038.662,1421927414,1421927443,0.000731,0.000571,0.00016,0,0,,0
59.166.0.0,57998,149.171.126.2,80,tcp,FIN,1052,824,31,29,2,2,http,4205.455566,3388.108643,8,10,0,0,19535.05558,549.666438,1421927441,1421927443,0.000628,0.000496,0.000132,0,0,,0
59.166.0.5,39375,149.171.126.6,80,tcp,FIN,1052,824,31,29,2,2,http,1461.231201,1177.235107,8,10,0,0,59192.79187,1583.9535,1421927438,1421927443,0.000703,0.000543,0.00016,0,0,,0
59.166.0.0,17707,149.171.126.3,25740,tcp,FIN,320,1826,31,29,1,2,ftp-data,140120.7031,838625.0625,6,8,0,0,173.032706,3.095377,1421927443,1421927443,0.002025,0.001076,0.000949,0,0,,0
59.166.0.1,39705,149.171.126.5,6881,tcp,FIN,1540,1644,31,29,4,4,-,293093.8125,315217.9375,16,18,0,0,155.870847,4.599347,1421927443,1421927443,0.002012,0.001258,0.000754,0,0,,0
59.166.0.2,8172,149.171.126.0,6881,tcp,FIN,1540,1644,31,29,4,4,-,117752.5859,126641.1172,16,18,0,0,556.107122,16.907891,1421927443,1421927443,0.002021,0.001182,0.000839,0,0,,0
59.166.0.4,46461,149.171.126.6,6881,tcp,FIN,1540,1644,31,29,4,4,-,133717.625,143811.2656,16,18,0,0,371.096043,10.918383,1421927443,1421927443,0.001245,0.001044,0.000201,0,0,,0
59.166.0.7,32578,149.171.126.5,6881,tcp,FIN,1540,1644,31,29,4,4,-,363876.9063,391344.0938,16,18,0,0,144.974285,3.348526,1421927443,1421927443,0.00064,0.000511,0.000129,0,0,,0
59.166.0.7,35600,149.171.126.3,53,udp,CON,146,178,31,29,0,0,dns,488702.9063,595815.875,2,2,0,0,0,0,1421927443,1421927443,0,0,0,0,0,,0
59.166.0.4,1822,149.171.126.0,80,tcp,FIN,1052,824,31,29,2,2,http,386.734497,311.571106,8,10,0,0,226093.0139,5986.259,1421927424,1421927443,0.000683,0.000538,0.000145,0,0,,0
59.166.0.3,21777,149.171.126.2,80,tcp,FIN,1052,824,31,29,2,2,http,363.108276,292.536743,8,10,0,0,241769.2132,6368.1995,1421927423,1421927443,0.000669,0.000531,0.000138,0,0,,0
59.166.0.3,35730,149.171.126.8,80,tcp,FIN,1052,824,31,29,2,2,http,351.965881,283.559906,8,10,0,0,248097.4897,6912.095,1421927422,1421927443,0.000693,0.000556,0.000137,0,0,,0
59.166.0.7,16315,149.171.126.3,80,tcp,FIN,1052,824,31,29,2,2,http,350.289276,282.209167,8,10,0,0,250267.8169,6609.497,1421927422,1421927443,0.000703,0.000557,0.000146,0,0,,0
59.166.0.0,11654,149.171.126.5,80,tcp,FIN,1052,824,31,29,2,2,http,278.41452,224.303558,8,10,0,0,314972.088,8315.2745,1421927417,1421927443,0.000718,0.000581,0.000137,0,0,,0
59.166.0.4,40460,149.171.126.1,80,tcp,FIN,1052,824,31,29,2,2,http,280.200409,225.74234,8,10,0,0,313621.1946,8255.1415,1421927417,1421927443,0.000759,0.000594,0.000165,0,0,,0
59.166.0.1,42173,149.171.126.5,80,tcp,FIN,1052,824,31,29,2,2,http,257.95166,207.817734,8,10,0,0,339798.1576,8942.775,1421927415,1421927443,0.000712,0.00058,0.000132,0,0,,0
59.166.0.7,14584,149.171.126.3,80,tcp,FIN,1052,824,31,29,2,2,http,260.306,209.714508,8,10,0,0,336356.8547,8893.134,1421927415,1421927443,0.000731,0.000571,0.00016,0,0,,0
59.166.0.1,50815,149.171.126.0,80,tcp,FIN,1052,824,31,29,2,2,http,271.954498,219.09906,8,10,1,3924,322899.4759,8505.957,1421927416,1421927443,0.000665,0.000544,0.000121,0,0,,0
59.166.0.2,38617,149.171.126.0,6881,tcp,FIN,1540,1644,31,29,4,4,-,226186.0469,243259.6563,16,18,0,0,230.726802,6.081713,1421927443,1421927443,0.002004,0.001312,0.000692,0,0,,0
59.166.0.2,42115,149.171.126.0,6881,tcp,FIN,1540,1644,31,29,4,4,-,405689.2188,436312.5625,16,18,0,0,122.072958,3.336082,1421927443,1421927443,0.00201,0.00117,0.00084,0,0,,0
59.166.0.3,14387,149.171.126.7,25740,tcp,FIN,320,1826,31,29,1,2,ftp-data,110461.8047,661116,6,8,0,0,191.721216,2.690632,1421927443,1421927443,0.010984,0.00914,0.001844,0,0,,0
59.166.0.4,20704,149.171.126.4,53,udp,CON,132,164,31,29,0,0,dns,473542.5938,588340.8125,2,2,0,0,0,0,1421927443,1421927443,0,0,0,0,0,,0
59.166.0.9,30773,149.171.126.7,80,tcp,FIN,1052,824,31,29,2,2,http,2060.525391,1660.054077,8,10,0,0,39793.09915,1121.16125,1421927440,1421927443,0.000683,0.000534,0.000149,0,0,,0
59.166.0.2,20120,149.171.126.2,80,tcp,FIN,1052,824,31,29,2,2,http,945.7276,761.921692,8,10,0,0,90117.16308,2443.36325,1421927436,1421927443,0.000648,0.000506,0.000142,0,0,,0
59.166.0.6,29826,149.171.126.6,80,tcp,FIN,1052,824,31,29,2,2,http,1014.872559,817.628052,8,10,0,0,84177.25563,2279.2045,1421927436,1421927443,0.000706,0.000549,0.000157,0,0,,0
59.166.0.1,59390,149.171.126.6,80,tcp,FIN,1052,824,31,29,2,2,http,661.880066,533.241028,8,10,0,0,131736.2045,3496.849,1421927432,1421927443,0.000664,0.000526,0.000138,0,0,,0
59.166.0.4,29776,149.171.126.9,80,tcp,FIN,1052,824,31,29,2,2,http,511.718811,412.264221,8,10,0,0,171479.3301,4516.8105,1421927429,1421927443,0.000682,0.00054,0.000142,0,0,,0
59.166.0.6,62669,149.171.126.2,80,tcp,FIN,1052,824,31,29,2,2,http,359.735626,289.81958,8,10,0,0,244019.1504,6428.6545,1421927423,1421927443,0.000679,0.000535,0.000144,0,0,,0
59.166.0.8,18211,149.171.126.8,80,tcp,FIN,1052,824,31,29,2,2,http,357.099548,287.695831,8,10,0,0,245248.7681,6483.0755,1421927423,1421927443,0.000698,0.000559,0.000139,0,0,,0
59.166.0.7,4567,149.171.126.4,80,tcp,FIN,1052,824,31,29,2,2,http,273.565094,220.396637,8,10,0,0,321056.4199,8462.687,1421927416,1421927443,0.000722,0.000578,0.000144,0,0,,0
59.166.0.2,9078,149.171.126.0,6881,tcp,FIN,1540,1644,31,29,4,4,-,114364.9141,122997.7188,16,18,0,0,463.578425,5.557956,1421927443,1421927443,0.051992,0.051215,0.000777,0,0,,0
59.166.0.3,30565,149.171.126.0,80,tcp,FIN,1052,824,31,29,2,2,http,634406.75,511107.25,8,10,1,83,92.267054,1.533893,1421927443,1421927443,0.00693,0.005287,0.001643,0,0,,0
59.166.0.3,62293,149.171.126.1,25740,tcp,FIN,320,1826,31,29,1,2,ftp-data,7438.854004,44521.68359,6,8,0,0,3915.17404,67.694703,1421927443,1421927443,0.009296,0.009164,0.000132,0,0,,0
59.166.0.4,43082,149.171.126.6,6881,tcp,FIN,1540,1644,31,29,4,4,-,132246.5469,142229.1406,16,18,0,0,377.332445,11.363838,1421927443,1421927443,0.00094,0.000847,0.000093,0,0,,0
59.166.0.7,4156,149.171.126.5,6881,tcp,FIN,1540,1644,31,29,4,4,-,289052.9063,310872,16,18,0,0,167.703738,4.263117,1421927443,1421927443,0.001336,0.000508,0.000828,0,0,,0
59.166.0.9,58291,149.171.126.0,6881,tcp,FIN,1540,1644,31,29,4,4,-,190397.7031,204769.8438,16,18,0,0,258.464921,7.95778,1421927443,1421927443,0.000991,0.000533,0.000458,0,0,,0
59.166.0.9,11424,149.171.126.0,80,tcp,FIN,1052,824,31,29,2,2,http,2511.487061,2023.369629,8,10,0,0,31648.13358,920.4445,1421927440,1421927443,0.000758,0.000599,0.000159,0,0,,0
59.166.0.6,10412,149.171.126.8,80,tcp,FIN,1052,824,31,29,2,2,http,473.431946,381.418579,8,10,0,0,184501.5881,4858.7395,1421927428,1421927443,0.000716,0.000574,0.000142,0,0,,0
59.166.0.0,52076,149.171.126.2,80,tcp,FIN,1034,824,31,29,2,2,http,440.229919,360.93988,8,10,0,0,192916.2565,5118.1885,1421927427,1421927443,0.00086,0.000564,0.000296,0,0,,0
59.166.0.3,27391,149.171.126.5,80,tcp,FIN,1052,824,31,29,2,2,http,445.088074,358.583435,8,10,0,0,195128.4209,5157.865,1421927427,1421927443,0.0007,0.000545,0.000155,0,0,,0
59.166.0.5,15794,149.171.126.6,80,tcp,FIN,1052,824,31,29,2,2,http,297.923981,240.021286,8,10,0,0,290773.3468,7715.995,1421927419,1421927443,0.000702,0.000553,0.000149,0,0,,0
59.166.0.6,27412,149.171.126.9,80,tcp,FIN,1052,824,31,29,2,2,http,309.213654,249.11676,8,10,0,0,282413.1156,7425.7635,1421927419,1421927443,0.00074,0.000581,0.000159,0,0,,0
59.166.0.1,1736,149.171.126.2,80,tcp,FIN,1052,824,31,29,2,2,http,289.503937,233.237686,8,10,0,0,300542.2876,7964.7895,1421927418,1421927443,0.000703,0.000563,0.00014,0,0,,0
59.166.0.8,38983,149.171.126.0,80,tcp,FIN,1052,824,31,29,2,2,http,295.261658,237.876389,8,10,0,0,295585.1203,7780.0345,1421927418,1421927443,0.000694,0.00055,0.000144,0,0,,0
59.166.0.4,43054,149.171.126.7,80,tcp,FIN,1052,824,31,29,2,2,http,255.911835,206.174347,8,10,0,0,340908.0257,9040.56,1421927415,1421927443,0.000774,0.000607,0.000167,0,0,,0
175.45.176.1,13377,149.171.126.12,80,tcp,FIN,842,5084,62,252,2,3,http,32275.0625,194842.5938,10,10,1,2076,1103.263956,1668.959802,1421927443,1421927443,0.054718,0.009946,0.044772,0,1,Exploits,1
59.166.0.6,45559,149.171.126.2,80,tcp,FIN,1052,824,31,29,2,2,http,514.850525,414.787262,8,10,0,0,165838.7521,4471.2085,1421927429,1421927444,0.000643,0.000511,0.000132,0,0,,0
59.166.0.0,12709,149.171.126.2,6881,tcp,FIN,1540,1644,31,29,4,4,-,10267.54981,11042.59375,16,18,0,0,5090.585803,105.594484,1421927443,1421927444,0.041885,0.040171,0.001714,0,0,,0
59.166.0.0,48236,149.171.126.0,6881,tcp,FIN,1540,1644,31,29,4,4,-,17386.77734,18699.21289,16,18,0,0,3396.402776,100.667016,1421927443,1421927444,0.001182,0.001029,0.000153,0,0,,0
59.166.0.2,2774,149.171.126.1,6881,tcp,FIN,1540,1644,31,29,4,4,-,51819.42188,55730.99609,16,18,0,0,1266.373544,36.222621,1421927443,1421927444,0.002089,0.001096,0.000993,0,0,,0
59.166.0.2,50678,149.171.126.8,6881,tcp,FIN,1540,1644,31,29,4,4,-,36903.69531,39689.36328,16,18,0,0,2357.910686,47.340445,1421927443,1421927444,0.001704,0.001326,0.000378,0,0,,0
59.166.0.4,9677,149.171.126.9,6881,tcp,FIN,1540,1644,31,29,4,4,-,17817.61914,19162.57813,16,18,0,0,4009.164219,120.805539,1421927443,1421927444,0.001999,0.001288,0.000711,0,0,,0
59.166.0.6,45783,149.171.126.7,6881,tcp,FIN,1540,1644,31,29,4,4,-,16494.46875,17739.54883,16,18,0,0,3693.479692,123.395188,1421927443,1421927444,0.001944,0.00121,0.000734,0,0,,0
59.166.0.7,10669,149.171.126.8,6881,tcp,FIN,1540,1644,31,29,4,4,-,56054.8125,60286.09766,16,18,0,0,1066.311449,42.394664,1421927443,1421927444,0.003977,0.00211,0.001867,0,0,,0
59.166.0.9,33601,149.171.126.6,80,tcp,FIN,1052,824,31,29,2,2,http,4071.165771,3279.918701,8,10,0,0,17065.44243,542.863313,1421927442,1421927444,0.000708,0.000559,0.000149,0,0,,0
59.166.0.5,60805,149.171.126.8,80,tcp,FIN,1052,824,31,29,2,2,http,758.563293,611.133484,8,10,0,0,113952.576,3015.77725,1421927434,1421927444,0.000693,0.000542,0.000151,0,0,,0
59.166.0.0,35472,149.171.126.2,6881,tcp,FIN,1540,1644,31,29,4,4,-,27130.17188,29178.08594,16,18,0,0,2057.980225,54.963277,1421927444,1421927444,0.008557,0.007712,0.000845,0,0,,0
59.166.0.3,65294,149.171.126.2,6881,tcp,FIN,1540,1644,31,29,4,4,-,30351.83789,32642.93945,16,18,0,0,2054.73136,56.623742,1421927444,1421927444,0.00197,0.001103,0.000867,0,0,,0
59.166.0.5,56830,149.171.126.5,6881,tcp,FIN,1540,1644,31,29,4,4,-,27951.11523,30060.99805,16,18,0,0,1803.963067,64.97432,1421927444,1421927444,0.049021,0.048076,0.000945,0,0,,0
59.166.0.7,55311,149.171.126.9,6881,tcp,FIN,1540,1644,31,29,4,4,-,75210.78125,80888.04688,16,18,0,0,1004.563517,29.465125,1421927444,1421927444,0.000837,0.000687,0.00015,0,0,,0
59.166.0.1,34963,149.171.126.2,80,tcp,FIN,1052,824,31,29,2,2,http,528.098633,425.460602,8,10,0,0,160490.5777,4287.786,1421927430,1421927444,0.000665,0.000532,0.000133,0,0,,0
59.166.0.8,63383,149.171.126.9,80,tcp,FIN,1052,824,31,29,2,2,http,539.899902,434.968201,8,10,0,0,157377.7411,4244.6995,1421927430,1421927444,0.00066,0.000526,0.000134,0,0,,0
59.166.0.5,25317,149.171.126.2,80,tcp,FIN,1052,824,31,29,2,2,http,478.163116,385.230225,8,10,0,0,178815.8087,4820.841,1421927428,1421927444,0.000699,0.000527,0.000172,0,0,,0
59.166.0.3,46973,149.171.126.0,80,tcp,FIN,1052,824,31,29,2,2,http,808.992493,651.761597,8,10,0,0,102429.3194,2796.9915,1421927435,1421927444,0.000704,0.000544,0.00016,0,0,,0
59.166.0.0,45143,149.171.126.0,6881,tcp,FIN,1540,1644,31,29,4,4,-,16884.37109,18158.88477,16,18,0,0,3409.568866,107.813492,1421927443,1421927444,0.001002,0.000542,0.00046,0,0,,0
59.166.0.2,52453,149.171.126.8,6881,tcp,FIN,1540,1644,31,29,4,4,-,34573.16406,37182.91016,16,18,0,0,2345.465124,48.782793,1421927443,1421927444,0.015003,0.014369,0.000634,0,0,,0
59.166.0.3,26220,149.171.126.9,6881,tcp,FIN,1540,1644,31,29,4,4,-,9099.201172,9786.051758,16,18,0,0,7245.652002,173.567641,1421927443,1421927444,0.018005,0.017102,0.000903,0,0,,0
59.166.0.3,62373,149.171.126.9,6881,tcp,FIN,1540,1644,31,29,4,4,-,9312.148438,10015.07422,16,18,0,0,5683.911293,119.730219,1421927443,1421927444,0.001253,0.001111,0.000142,0,0,,0
59.166.0.6,34167,149.171.126.2,6881,tcp,FIN,1540,1644,31,29,4,4,-,21154.17578,22750.99414,16,18,0,0,2149.543282,46.847754,1421927443,1421927444,0.148101,0.146268,0.001833,0,0,,0
59.166.0.7,59087,149.171.126.6,6881,tcp,FIN,1540,1644,31,29,4,4,-,10670.62793,11476.09766,16,18,0,0,5178.892283,118.946195,1421927443,1421927444,0.002949,0.002136,0.000813,0,0,,0
59.166.0.8,47400,149.171.126.4,6881,tcp,FIN,1540,1644,31,29,4,4,-,13615.81836,14643.60449,16,18,0,0,3856.11739,103.081016,1421927443,1421927444,0.069066,0.066277,0.002789,0,0,,0
59.166.0.0,13050,149.171.126.2,6881,tcp,FIN,1540,1644,31,29,4,4,-,24084.73047,25902.75977,16,18,0,0,2138.86039,53.670527,1421927444,1421927444,0.0573,0.055508,0.001792,0,0,,0
59.166.0.0,41874,149.171.126.2,6881,tcp,FIN,1540,1644,31,29,4,4,-,25466.81055,27389.16602,16,18,0,0,2186.512118,64.447973,1421927444,1421927444,0.000628,0.000501,0.000127,0,0,,0
59.166.0.3,20214,149.171.126.6,6881,tcp,FIN,1540,1644,31,29,4,4,-,18180.10156,19552.42188,16,18,0,0,4993.4177,109.539992,1421927444,1421927444,0.002021,0.001115,0.000906,0,0,,0
59.166.0.3,58082,149.171.126.3,6881,tcp,FIN,1540,1644,31,29,4,4,-,14178.2168,15248.45606,16,18,0,0,4042.520507,86.510258,1421927444,1421927444,0.001692,0.001553,0.000139,0,0,,0
59.166.0.3,64427,149.171.126.6,6881,tcp,FIN,1540,1644,31,29,4,4,-,20415.91797,21957.00977,16,18,0,0,4398.571203,87.932812,1421927444,1421927444,0.000609,0.000468,0.000141,0,0,,0
59.166.0.7,7660,149.171.126.8,6881,tcp,FIN,1540,1644,31,29,4,4,-,23553.73438,25331.68359,16,18,0,0,3181.393749,110.809344,1421927443,1421927444,0.001333,0.000462,0.000871,0,0,,0
59.166.0.0,9160,149.171.126.0,6881,tcp,FIN,1540,1644,31,29,4,4,-,15308.79395,16464.375,16,18,0,0,3522.909189,98.145117,1421927443,1421927444,0.007763,0.007631,0.000132,0,0,,0
59.166.0.1,44140,149.171.126.5,6881,tcp,FIN,2198,34406,31,29,5,15,-,22508.86328,356606.2188,28,42,0,0,1867.238836,1264.541038,1421927443,1421927444,0.001974,0.001256,0.000718,0,0,,0
59.166.0.2,48005,149.171.126.8,6881,tcp,FIN,1540,1644,31,29,4,4,-,36014.35547,38732.89063,16,18,0,0,1965.350469,68.074742,1421927443,1421927444,0.000662,0.000529,0.000133,0,0,,0
59.166.0.2,48601,149.171.126.1,6881,tcp,FIN,1540,1644,31,29,4,4,-,34413.625,37011.33203,16,18,0,0,1466.442322,36.511348,1421927443,1421927444,0.09106,0.087221,0.003839,0,0,,0
59.166.0.2,7189,149.171.126.0,6881,tcp,FIN,2198,34406,31,29,5,15,-,13838.93262,219249.1719,28,42,0,0,3170.737017,2536.666177,1421927443,1421927444,0.002025,0.00132,0.000705,0,0,,0
59.166.0.3,58593,149.171.126.9,6881,tcp,FIN,1540,1644,31,29,4,4,-,18111.60742,19478.75781,16,18,0,0,3496.542016,74.397844,1421927443,1421927444,0.053926,0.053129,0.000797,0,0,,0
59.166.0.7,53027,149.171.126.5,6881,tcp,FIN,2198,34406,31,29,5,15,-,30852.74219,488797.6875,28,42,0,0,1825.739413,964.540815,1421927443,1421927444,0.001409,0.001298,0.000111,0,0,,0
59.166.0.8,53699,149.171.126.4,6881,tcp,FIN,1540,1644,31,29,4,4,-,16830.17969,18100.60352,16,18,0,0,3721.276641,107.345758,1421927443,1421927444,0.001272,0.001147,0.000125,0,0,,0
59.166.0.9,12447,149.171.126.5,6881,tcp,FIN,1540,1644,31,29,4,4,-,13063.44043,14049.53125,16,18,0,0,4404.752672,118.38932,1421927443,1421927444,0.0012,0.000974,0.000226,0,0,,0
59.166.0.2,7179,149.171.126.1,6881,tcp,FIN,1540,1644,31,29,4,4,-,31053.76367,33397.84766,16,18,0,0,1798.899168,56.452223,1421927443,1421927444,0.001979,0.001114,0.000865,0,0,,0
59.166.0.6,7018,149.171.126.7,6881,tcp,FIN,1540,1644,31,29,4,4,-,14784.19434,15900.17578,16,18,0,0,3807.495655,136.583031,1421927443,1421927444,0.024918,0.024306,0.000612,0,0,,0
59.166.0.8,33128,149.171.126.4,6881,tcp,FIN,1540,1644,31,29,4,4,-,15484.79785,16653.66406,16,18,0,0,3828.864332,109.696094,1421927443,1421927444,0.001878,0.00093,0.000948,0,0,,0
59.166.0.8,59250,149.171.126.5,25740,tcp,FIN,320,1826,31,29,1,2,ftp-data,2579.495361,15438.32715,6,8,0,0,10964.26236,270.736531,1421927443,1421927444,0.054043,0.053239,0.000804,0,0,,0
59.166.0.9,25725,149.171.126.0,6881,tcp,FIN,2302,34406,31,29,5,15,-,32042.26367,483469.6875,30,42,0,0,1862.300296,903.434711,1421927443,1421927444,0.002744,0.002006,0.000738,0,0,,0
59.166.0.7,64299,149.171.126.7,80,tcp,FIN,1052,824,31,29,2,2,http,737.24646,593.959717,8,10,0,0,114291.1734,3083.2275,1421927434,1421927444,0.000681,0.000539,0.000142,0,0,,0
59.166.0.0,39254,149.171.126.2,6881,tcp,FIN,1540,1644,31,29,4,4,-,37107.46875,39908.51563,16,18,0,0,1793.872294,37.018098,1421927444,1421927444,0.000622,0.000463,0.000159,0,0,,0
59.166.0.3,36845,149.171.126.2,6881,tcp,FIN,1540,1644,31,29,4,4,-,31300.63477,33663.35547,16,18,0,0,1985.592642,41.965906,1421927444,1421927444,0.101083,0.100316,0.000767,0,0,,0
59.166.0.5,27305,149.171.126.5,6881,tcp,FIN,2302,34406,31,29,5,15,-,20877.27148,315006.6875,30,42,0,0,2018.239444,1878.156346,1421927444,1421927444,0.000902,0.000503,0.000399,0,0,,0
59.166.0.5,51619,149.171.126.5,6881,tcp,FIN,1540,1644,31,29,4,4,-,31859.32422,34264.21875,16,18,0,0,1887.401022,67.113812,1421927444,1421927444,0.001242,0.001139,0.000103,0,0,,0
59.166.0.6,50692,149.171.126.3,80,tcp,FIN,1052,824,31,29,2,2,http,132630.0938,106852.9141,8,10,1,83,609.496209,4.0982,1421927444,1421927444,0.05088,0.041092,0.009788,0,0,,0
59.166.0.7,59949,149.171.126.2,80,tcp,FIN,1052,824,31,29,2,2,http,388.764374,313.206482,8,10,0,0,220796.3611,5909.3585,1421927425,1421927444,0.000683,0.000546,0.000137,0,0,,0
59.166.0.3,30070,149.171.126.3,6881,tcp,FIN,1540,1644,31,29,4,4,-,9583.207031,10306.59375,16,18,0,0,4616.325938,113.493422,1421927443,1421927444,0.162153,0.161305,0.000848,0,0,,0
59.166.0.4,7998,149.171.126.9,6881,tcp,FIN,1540,1644,31,29,4,4,-,16945.19922,18224.30469,16,18,0,0,4110.665154,115.578305,1421927443,1421927444,0.00095,0.000726,0.000224,0,0,,0
59.166.0.6,37183,149.171.126.2,6881,tcp,FIN,1540,1644,31,29,4,4,-,12805.67481,13772.30859,16,18,0,0,4754.54339,119.837891,1421927443,1421927444,0.016973,0.016223,0.00075,0,0,,0
59.166.0.6,5232,149.171.126.7,6881,tcp,FIN,1540,1644,31,29,4,4,-,17085.37109,18375.05664,16,18,0,0,3515.315741,84.704844,1421927443,1421927444,0.161166,0.160323,0.000843,0,0,,0
59.166.0.7,6704,149.171.126.8,6881,tcp,FIN,2302,34406,31,29,5,15,-,13357.66699,201547.1563,30,42,0,0,4023.361177,2843.704262,1421927443,1421927444,0.003247,0.003107,0.00014,0,0,,0
59.166.0.7,8590,149.171.126.8,6881,tcp,FIN,1540,1644,31,29,4,4,-,23471.66016,25243.41211,16,18,0,0,3180.04188,110.640023,1421927443,1421927444,0.000798,0.000621,0.000177,0,0,,0
59.166.0.8,2244,149.171.126.4,6881,tcp,FIN,1540,1644,31,29,4,4,-,10670.9043,11476.39453,16,18,0,0,4731.321768,142.681984,1421927443,1421927444,0.001926,0.001091,0.000835,0,0,,0
59.166.0.0,8558,149.171.126.1,80,tcp,FIN,1052,824,31,29,2,2,http,1055.600464,850.440369,8,10,0,0,77563.32699,2159.65975,1421927437,1421927444,0.000688,0.000545,0.000143,0,0,,0
59.166.0.0,2513,149.171.126.2,80,tcp,FIN,1052,824,31,29,2,2,http,681.282104,548.872253,8,10,0,0,123661.9907,3370.47825,1421927433,1421927444,0.000664,0.000523,0.000141,0,0,,0
59.166.0.3,19265,149.171.126.6,6881,tcp,FIN,1540,1644,31,29,4,4,-,18189.80664,19562.85938,16,18,0,0,4459.297613,88.236422,1421927444,1421927444,0.000631,0.000476,0.000155,0,0,,0
59.166.0.3,36740,149.171.126.6,6881,tcp,FIN,1540,1644,31,29,4,4,-,20517.55664,22066.32031,16,18,0,0,4131.587218,83.189836,1421927444,1421927444,0.000924,0.00054,0.000384,0,0,,0
59.166.0.4,47376,149.171.126.7,53,udp,CON,130,162,31,29,0,0,dns,586245.75,730552.4375,2,2,0,0,0,0,1421927444,1421927444,0,0,0,0,0,,0
59.166.0.5,57954,149.171.126.5,6881,tcp,FIN,1540,1644,31,29,4,4,-,27969.79297,30081.08594,16,18,0,0,2049.36006,75.689523,1421927444,1421927444,0.000709,0.000565,0.000144,0,0,,0
59.166.0.6,51298,149.171.126.9,53,udp,CON,132,164,31,29,0,0,dns,592592.625,736251.4375,2,2,0,0,0,0,1421927444,1421927444,0,0,0,0,0,,0
59.166.0.7,26476,149.171.126.9,6881,tcp,FIN,1540,1644,31,29,4,4,-,75264.6875,80946.02344,16,18,0,0,724.803843,14.514248,1421927444,1421927444,0.066228,0.06433,0.001898,0,0,,0
59.166.0.4,5706,149.171.126.4,80,tcp,FIN,1052,824,31,29,2,2,http,4314.560059,3476.008301,8,10,0,0,15258.77825,483.833625,1421927442,1421927444,0.000697,0.000542,0.000155,0,0,,0
59.166.0.2,46774,149.171.126.8,6881,tcp,FIN,1540,1644,31,29,4,4,-,35986.30469,38702.72266,16,18,0,0,1960.172132,68.040367,1421927443,1421927444,0.000987,0.000646,0.000341,0,0,,0
59.166.0.2,47126,149.171.126.8,6881,tcp,FIN,1540,1644,31,29,4,4,-,36008.62891,38726.73438,16,18,0,0,2202.894399,54.126477,1421927443,1421927444,0.000978,0.000781,0.000197,0,0,,0
59.166.0.4,44650,149.171.126.9,6881,tcp,FIN,1540,1644,31,29,4,4,-,16956.54102,18236.50195,16,18,0,0,4169.475843,121.498422,1421927443,1421927444,0.032023,0.031218,0.000805,0,0,,0
59.166.0.6,16553,149.171.126.2,6881,tcp,FIN,1540,1644,31,29,4,4,-,10504.80762,11297.76074,16,18,0,0,7702.662991,211.564203,1421927443,1421927444,0.014368,0.014224,0.000144,0,0,,0
59.166.0.8,51730,149.171.126.4,6881,tcp,FIN,1540,1644,31,29,4,4,-,19411.375,20876.63672,16,18,0,0,2739.485438,71.905523,1421927443,1421927444,0.141966,0.141229,0.000737,0,0,,0
59.166.0.5,51626,149.171.126.3,80,tcp,FIN,1052,824,31,29,2,2,http,265.282166,213.723526,8,10,0,0,327160.3462,8681.845,1421927416,1421927444,0.000724,0.000561,0.000163,0,0,,0
59.166.0.6,17431,149.171.126.6,80,tcp,FIN,1052,824,31,29,2,2,http,323.383209,260.53241,8,10,0,0,267418.9806,7143.1905,1421927421,1421927444,0.000674,0.000535,0.000139,0,0,,0
59.166.0.3,22310,149.171.126.2,6881,tcp,FIN,1540,1644,31,29,4,4,-,30462.76953,32762.24414,16,18,0,0,2057.748587,59.570988,1421927444,1421927444,0.000607,0.000472,0.000135,0,0,,0
59.166.0.5,56019,149.171.126.5,6881,tcp,FIN,1540,1644,31,29,4,4,-,53969.20313,58043.05469,16,18,0,0,1119.726267,34.628422,1421927444,1421927444,0.041584,0.039882,0.001702,0,0,,0
59.166.0.7,60560,149.171.126.9,6881,tcp,FIN,1540,1644,31,29,4,4,-,74979.39063,80639.1875,16,18,0,0,1004.54422,29.868436,1421927444,1421927444,0.001968,0.001079,0.000889,0,0,,0
59.166.0.0,42085,149.171.126.0,6881,tcp,FIN,1540,1644,31,29,4,4,-,16898.54883,18174.13086,16,18,0,0,3215.835662,107.663055,1421927443,1421927444,0.001335,0.001126,0.000209,0,0,,0
59.166.0.2,5397,149.171.126.1,6881,tcp,FIN,1540,1644,31,29,4,4,-,48366.70313,52017.65234,16,18,0,0,1550.532413,46.339645,1421927443,1421927444,0.003032,0.001384,0.001648,0,0,,0
59.166.0.3,25360,149.171.126.9,6881,tcp,FIN,1540,1644,31,29,4,4,-,8860.15918,9528.96582,16,18,0,0,6815.135508,161.76925,1421927443,1421927444,0.10514,0.103406,0.001734,0,0,,0
59.166.0.4,38126,149.171.126.9,6881,tcp,FIN,1540,1644,31,29,4,4,-,17875.79492,19225.14453,16,18,0,0,3902.009685,95.350703,1421927443,1421927444,0.111951,0.11117,0.000781,0,0,,0
59.166.0.4,6250,149.171.126.9,6881,tcp,FIN,1540,1644,31,29,4,4,-,22054.26172,23719.02148,16,18,0,0,3652.975308,82.487062,1421927443,1421927444,0.006978,0.00612,0.000858,0,0,,0
59.166.0.6,13872,149.171.126.2,6881,tcp,FIN,1540,1644,31,29,4,4,-,25502.06055,27427.07813,16,18,0,0,2199.864306,64.107375,1421927443,1421927444,0.005041,0.001054,0.003987,0,0,,0
59.166.0.6,39281,149.171.126.7,6881,tcp,FIN,1540,1644,31,29,4,4,-,16784.33008,18051.29297,16,18,0,0,3719.473259,120.153414,1421927443,1421927444,0.001939,0.00111,0.000829,0,0,,0
59.166.0.6,44599,149.171.126.7,6881,tcp,FIN,1540,1644,31,29,4,4,-,16500.2168,17745.73242,16,18,0,0,3618.526559,121.312547,1421927443,1421927444,0.009936,0.008252,0.001684,0,0,,0
59.166.0.6,6171,149.171.126.7,6881,tcp,FIN,2198,34406,31,29,5,15,-,15830.00684,250793.5938,28,42,0,0,3054.829068,3113.109694,1421927443,1421927444,0.068716,0.067787,0.000929,0,0,,0
59.166.0.7,39234,149.171.126.8,6881,tcp,FIN,1540,1644,31,29,4,4,-,23471.94727,25243.7207,16,18,0,0,2321.883367,67.404195,1421927443,1421927444,0.184524,0.183613,0.000911,0,0,,0
59.166.0.7,5789,149.171.126.8,6881,tcp,FIN,1540,1644,31,29,4,4,-,60564.11719,65135.78516,16,18,0,0,1209.823417,25.365564,1421927443,1421927444,0.031013,0.030304,0.000709,0,0,,0
59.166.0.0,41023,149.171.126.2,6881,tcp,FIN,1540,1644,31,29,4,4,-,25489.00586,27413.03711,16,18,0,0,1975.61368,54.160285,1421927444,1421927444,0.000602,0.000478,0.000124,0,0,,0
59.166.0.6,57573,149.171.126.8,25740,tcp,FIN,320,1826,31,29,1,2,ftp-data,16533.4043,98952.73438,6,8,0,0,1768.225327,32.74925,1421927444,1421927444,0.002979,0.001133,0.001846,0,0,,0
59.166.0.7,54993,149.171.126.9,6881,tcp,FIN,1540,1644,31,29,4,4,-,52491.91016,56454.25,16,18,0,0,885.568318,23.18125,1421927444,1421927444,0.048019,0.047146,0.000873,0,0,,0
59.166.0.7,58843,149.171.126.9,6881,tcp,FIN,1540,1644,31,29,4,4,-,367722.4063,395479.8438,16,18,0,0,132.647269,3.115068,1421927444,1421927444,0.000945,0.000749,0.000196,0,0,,0
59.166.0.8,26731,149.171.126.0,80,tcp,FIN,1052,824,31,29,2,2,http,264.720673,213.271164,8,10,0,0,331429.8932,8713.016,1421927416,1421927444,0.000766,0.000603,0.000163,0,0,,0
59.166.0.5,5686,149.171.126.6,80,tcp,FIN,1052,824,31,29,2,2,http,589.534607,474.956207,8,10,0,0,143930.3884,3912.00825,1421927431,1421927444,0.000682,0.000544,0.000138,0,0,,0
59.166.0.0,8169,149.171.126.0,6881,tcp,FIN,1540,1644,31,29,4,4,-,16887.92578,18162.70703,16,18,0,0,3480.24899,98.772602,1421927443,1421927444,0.00173,0.000785,0.000945,0,0,,0
59.166.0.2,42150,149.171.126.1,6881,tcp,FIN,1540,1644,31,29,4,4,-,30868.30469,33198.39063,16,18,0,0,1942.790907,55.330039,1421927443,1421927444,0.001994,0.001102,0.000892,0,0,,0
59.166.0.6,41670,149.171.126.2,6881,tcp,FIN,1540,1644,31,29,4,4,-,44736.69531,48113.63672,16,18,0,0,1262.396938,31.821816,1421927443,1421927444,0.001202,0.00099,0.000212,0,0,,0
59.166.0.7,24968,149.171.126.6,6881,tcp,FIN,1540,1644,31,29,4,4,-,9518.43457,10236.93066,16,18,0,0,5650.568341,129.486047,1421927443,1421927444,0.001449,0.001277,0.000172,0,0,,0
59.166.0.7,7660,149.171.126.8,6881,tcp,FIN,1540,1644,31,29,4,4,-,23553.73438,25331.68359,16,18,0,0,3181.393749,110.809344,1421927443,1421927444,0.001333,0.000462,0.000871,0,0,,0
59.166.0.3,11864,149.171.126.9,53,udp,CON,146,178,31,29,0,0,dns,431633.375,526237.9375,2,2,0,0,0,0,1421927444,1421927444,0,0,0,0,0,,0
59.166.0.3,15412,149.171.126.6,6881,tcp,FIN,1540,1644,31,29,4,4,-,24096.6875,25915.61914,16,18,0,0,3682.64685,105.091234,1421927444,1421927444,0.002283,0.002149,0.000134,0,0,,0
59.166.0.3,1885,149.171.126.2,6881,tcp,FIN,1540,1644,31,29,4,4,-,25686.92188,27625.89453,16,18,0,0,2131.930189,57.335125,1421927444,1421927444,0.069476,0.068746,0.00073,0,0,,0
59.166.0.3,19315,149.171.126.2,6881,tcp,FIN,1540,1644,31,29,4,4,-,25731.72266,27674.07617,16,18,0,0,2374.294064,70.465141,1421927444,1421927444,0.000732,0.000603,0.000129,0,0,,0
59.166.0.5,31090,149.171.126.5,6881,tcp,FIN,1540,1644,31,29,4,4,-,26526.25977,28528.58789,16,18,0,0,1542.1977,49.25284,1421927444,1421927444,0.073378,0.072553,0.000825,0,0,,0
59.166.0.0,10493,149.171.126.2,6881,tcp,FIN,2198,34406,31,29,5,15,-,19614.96289,310758.375,28,42,0,0,2014.116957,1456.769878,1421927444,1421927445,0.021221,0.02109,0.000131,0,0,,0
59.166.0.3,25410,149.171.126.1,11922,tcp,FIN,424,8824,31,29,1,4,ftp-data,3569.448486,77825.52344,8,12,0,0,7386.423411,5357.946753,1421927444,1421927445,0.018435,0.010607,0.007828,0,0,,0
59.166.0.8,14580,149.171.126.9,40637,tcp,FIN,3806,51808,31,29,7,26,-,2571.242188,35013.35938,64,66,0,0,39539.78317,38986.68872,1421927433,1421927445,0.000778,0.000633,0.000145,0,0,,0
59.166.0.2,49744,149.171.126.1,6881,tcp,FIN,2302,34406,31,29,5,15,-,9410.774414,141994.4688,30,42,0,0,4421.061016,2952.378018,1421927443,1421927445,0.154775,0.151903,0.002872,0,0,,0
59.166.0.3,16371,149.171.126.6,6881,tcp,FIN,2302,34406,31,29,5,15,-,15585.3291,235159.2188,30,42,0,0,3169.188094,2727.202505,1421927443,1421927445,0.112021,0.111247,0.000774,0,0,,0
59.166.0.3,54687,149.171.126.9,6881,tcp,FIN,1540,1644,31,29,4,4,-,7848.247559,8440.670898,16,18,0,0,7828.999122,223.258062,1421927443,1421927445,0.03901,0.037206,0.001804,0,0,,0
59.166.0.4,21282,149.171.126.3,6881,tcp,FIN,1540,1644,31,29,4,4,-,6491.682129,6981.705078,16,18,0,0,8369.023501,217.91775,1421927443,1421927445,0.039005,0.038073,0.000932,0,0,,0
59.166.0.5,17590,149.171.126.9,6881,tcp,FIN,1540,1644,31,29,4,4,-,5731.272949,6163.896484,16,18,0,0,10329.58122,290.137281,1421927443,1421927445,0.00201,0.001381,0.000629,0,0,,0
59.166.0.5,40321,149.171.126.1,6881,tcp,FIN,1540,1644,31,29,4,4,-,7018.025391,7547.779785,16,18,0,0,6905.247715,209.976141,1421927443,1421927445,0.07804,0.077159,0.000881,0,0,,0
59.166.0.6,1285,149.171.126.0,6881,tcp,FIN,1540,1644,31,29,4,4,-,9501.711914,10218.94629,16,18,0,0,7047.521543,149.576609,1421927443,1421927445,0.001941,0.001257,0.000684,0,0,,0
59.166.0.6,14958,149.171.126.6,6881,tcp,FIN,1540,1644,31,29,4,4,-,6643.979492,7145.499023,16,18,0,0,7067.679826,178.828859,1421927443,1421927445,0.057979,0.057255,0.000724,0,0,,0
59.166.0.6,23123,149.171.126.0,6881,tcp,FIN,1540,1644,31,29,4,4,-,9020.172852,9701.058594,16,18,0,0,6043.672,182.731984,1421927443,1421927445,0.002064,0.001144,0.00092,0,0,,0
59.166.0.6,65480,149.171.126.0,6881,tcp,FIN,1540,1644,31,29,4,4,-,8134.609863,8748.649414,16,18,0,0,6394.571666,176.253375,1421927443,1421927445,0.183661,0.181878,0.001783,0,0,,0
59.166.0.7,15547,149.171.126.4,6881,tcp,FIN,1540,1644,31,29,4,4,-,7503.935059,8070.367676,16,18,0,0,7346.23712,167.422406,1421927443,1421927445,0.000644,0.000507,0.000137,0,0,,0
59.166.0.7,62036,149.171.126.6,6881,tcp,FIN,2302,34406,31,29,5,15,-,10740.0625,162051.4219,30,42,0,0,4396.459339,3394.615742,1421927443,1421927445,0.00198,0.001145,0.000835,0,0,,0
59.166.0.8,37421,149.171.126.4,6881,tcp,FIN,1540,1644,31,29,4,4,-,6300.033691,6775.589844,16,18,0,0,7863.619699,208.094078,1421927443,1421927445,0.001296,0.000532,0.000764,0,0,,0
59.166.0.8,58965,149.171.126.3,6881,tcp,FIN,1540,1644,31,29,4,4,-,5127.381348,5514.42041,16,18,0,0,9969.215816,256.063406,1421927443,1421927445,0.002388,0.001577,0.000811,0,0,,0
59.166.0.8,65522,149.171.126.3,6881,tcp,FIN,1540,1644,31,29,4,4,-,5992.944336,6445.320312,16,18,0,0,9553.213519,208.709891,1421927443,1421927445,0.099938,0.098057,0.001881,0,0,,0
59.166.0.9,1056,149.171.126.3,6881,tcp,FIN,1540,1644,31,29,4,4,-,5365.616211,5770.638672,16,18,0,0,8428.762027,253.791969,1421927443,1421927445,0.001177,0.001001,0.000176,0,0,,0
59.166.0.9,16885,149.171.126.5,6881,tcp,FIN,1540,1644,31,29,4,4,-,7682.817871,8262.75293,16,18,0,0,7549.756957,189.924859,1421927443,1421927445,0.004085,0.002221,0.001864,0,0,,0
59.166.0.5,15621,149.171.126.1,6881,tcp,FIN,1540,1644,31,29,4,4,-,8086.158691,8696.541016,16,18,0,0,5339.370744,132.927437,1421927444,1421927445,0.318901,0.31812,0.000781,0,0,,0
59.166.0.8,19229,149.171.126.4,6881,tcp,FIN,1540,1644,31,29,4,4,-,7527.802734,8096.037109,16,18,0,0,7928.025249,151.904656,1421927444,1421927445,0.000926,0.000675,0.000251,0,0,,0
59.166.0.0,43174,149.171.126.0,6881,tcp,FIN,2198,34406,31,29,5,15,-,12147.36133,192449.7188,28,42,0,0,3438.010457,2711.775707,1421927443,1421927445,0.039034,0.037205,0.001829,0,0,,0
59.166.0.1,23124,149.171.126.9,6881,tcp,FIN,1540,1644,31,29,4,4,-,5640.856445,6066.655273,16,18,0,0,10600.4743,231.377594,1421927443,1421927445,0.002029,0.001345,0.000684,0,0,,0
59.166.0.1,65429,149.171.126.9,6881,tcp,FIN,1540,1644,31,29,4,4,-,5724.20752,6156.297852,16,18,0,0,10348.73016,286.316875,1421927443,1421927445,0.003065,0.00138,0.001685,0,0,,0
59.166.0.3,11982,149.171.126.7,6881,tcp,FIN,1540,1644,31,29,4,4,-,5951.463867,6400.708984,16,18,0,0,9107.978225,261.050219,1421927443,1421927445,0.074383,0.0735,0.000883,0,0,,0
59.166.0.4,1592,149.171.126.6,6881,tcp,FIN,2094,34406,31,29,5,15,-,10819.18066,180428.9063,26,42,0,0,4813.54935,3462.848266,1421927443,1421927445,0.022339,0.022199,0.00014,0,0,,0
59.166.0.5,63289,149.171.126.9,6881,tcp,FIN,1540,1644,31,29,4,4,-,5419.608887,5828.707031,16,18,0,0,11732.871,240.010422,1421927443,1421927445,0.000762,0.000643,0.000119,0,0,,0
